Date,SBIN,HDFC ,ICICI,Kotak,Axis
01-01-2019,299.6,1074.05,363.75,1250.45,627.3
02-01-2019,293.9,1064.25,364.6,1240.6,620.05
03-01-2019,291.1,1055.9,363.25,1235.25,607.95
04-01-2019,297.65,1058.72,365.2,1247.95,619.6
07-01-2019,296.3,1060.33,367.7,1246.6,637.45
08-01-2019,305.3,1051.5,380.15,1228.9,650.9
09-01-2019,305.3,1058.4,382.25,1238.25,670.1
10-01-2019,305.55,1054.25,379.5,1219.55,663.25
11-01-2019,302.75,1055.95,378.55,1223.2,666.5
14-01-2019,300.4,1050.83,373.35,1211.75,659.2
15-01-2019,301.65,1060.95,372.75,1213.4,660.6
16-01-2019,303.15,1060.1,375.3,1202.75,664
17-01-2019,297.4,1066.15,374.6,1219.95,676.65
18-01-2019,294.95,1065.13,372,1240.2,664.6
21-01-2019,292.45,1074.08,371.7,1267.6,660.3
22-01-2019,290.25,1067.93,369.05,1291.75,661.6
23-01-2019,286.65,1052.7,367.4,1276.5,661.6
24-01-2019,288.05,1051.13,364.8,1267.75,663.65
25-01-2019,285.4,1048,357.2,1266.15,669.75
28-01-2019,281.6,1042.08,343.55,1260.45,656.3
29-01-2019,280.6,1028.8,346.85,1251.4,660.75
30-01-2019,287.45,1017.35,365.9,1222.2,690.95
31-01-2019,293.65,1039.97,364.45,1255.75,722.7
01-02-2019,284.4,1045.22,354.65,1255.7,717.25
04-02-2019,283.95,1052.45,354.55,1272.2,720.5
05-02-2019,284.65,1057.03,352.65,1279.15,729.5
06-02-2019,289.05,1061.33,359.3,1279.5,725.75
07-02-2019,287.4,1058.63,358.65,1284.55,730.15
08-02-2019,286,1061.33,355.1,1299.4,719.4
11-02-2019,280.5,1069.83,350.05,1301.55,710.85
12-02-2019,275.4,1064.85,344.3,1298.65,705.6
13-02-2019,268.2,1071.72,339.75,1298.3,697.5
14-02-2019,267.1,1055.1,343.95,1286.8,695
15-02-2019,262.95,1050.33,342.15,1283.65,686.6
18-02-2019,259.95,1044.95,342.15,1280.45,693.3
19-02-2019,262.9,1042.03,343.25,1289.75,693.05
20-02-2019,267.7,1054.18,345.2,1289.15,700.35
21-02-2019,268,1057.95,351.3,1237.9,697.2
22-02-2019,270.95,1045.72,352.05,1240.95,702.05
25-02-2019,270.15,1062.7,355.6,1236.15,703.7
26-02-2019,266.35,1055.33,348.2,1216.15,710.15
27-02-2019,267.65,1046.13,345.55,1213.1,718.2
28-02-2019,269.05,1038.78,350.15,1225.95,709.55
01-03-2019,272.95,1041.68,354.25,1240.45,702.4
05-03-2019,276.45,1053.55,363.25,1241.3,732.05
06-03-2019,278.1,1052.13,371.95,1237.2,720.6
07-03-2019,281.75,1063.25,370.8,1238.9,733.75
08-03-2019,281.2,1064.1,370.6,1249.55,733.4
11-03-2019,287.35,1064.22,375.85,1263.35,734.5
12-03-2019,286.9,1085.5,388.2,1261.25,742.55
13-03-2019,293.15,1113.28,391.9,1268.95,738
14-03-2019,291.9,1112.38,387.9,1325.15,740.6
15-03-2019,298.4,1126.5,395.3,1343.65,735.1
18-03-2019,298.95,1130.72,398.05,1347.75,751.6
19-03-2019,303.05,1133.88,398.4,1351.6,760.9
20-03-2019,303.8,1149.5,392.9,1336.25,755.75
22-03-2019,298.05,1138.08,391.8,1308.65,757.05
25-03-2019,294,1140.65,383.5,1342.95,745.7
26-03-2019,303.5,1155.68,394.1,1332.85,757.1
27-03-2019,308.8,1149.72,393.2,1340.75,759.3
28-03-2019,319,1151.4,400.55,1334.5,780.7
29-03-2019,320.75,1159.45,400.5,1339.4,777.25
01-04-2019,322.75,1155.9,398.25,1339.45,765.6
02-04-2019,329,1147.43,397.15,1334.2,767.4
03-04-2019,320.5,1146.38,392.1,1322.9,761.5
04-04-2019,321.8,1141.97,388.75,1335.95,762.15
05-04-2019,317.05,1152.8,390.55,1343.25,762.2
08-04-2019,312.8,1144.7,387.1,1341.45,754.6
09-04-2019,314.75,1143.63,397.15,1349.9,763.4
10-04-2019,310.9,1118.68,394.2,1343.2,760.85
11-04-2019,314.9,1128.75,390.05,1343.45,752.3
12-04-2019,315.25,1132.63,394.6,1373.85,764.35
15-04-2019,315.6,1144.4,392.75,1386.4,762.85
16-04-2019,315.75,1152.53,407,1369.65,771.1
18-04-2019,310.8,1146.83,404.4,1356.7,771.2
22-04-2019,310.05,1134.35,394.5,1355.35,755.5
23-04-2019,305.25,1122.65,396.5,1366.75,753.25
24-04-2019,310.75,1139.88,401.1,1360.4,752.85
25-04-2019,306.2,1131.72,395.4,1379.25,740.9
26-04-2019,312.5,1140.47,407.2,1386.55,759.9
30-04-2019,309.95,1158.72,407.5,1406.35,766.85
02-05-2019,308.15,1177.9,395.55,1417.8,752.35
03-05-2019,310,1183.97,401.8,1410.4,757.3
06-05-2019,308.75,1164.22,401.3,1408.15,747.45
07-05-2019,305.45,1161.18,386.5,1402.2,741.85
08-05-2019,298.25,1153.63,382.2,1385.5,735.5
09-05-2019,299.3,1145.45,381.4,1398.15,731
10-05-2019,308.05,1148.25,385.1,1389.35,735.05
13-05-2019,306.9,1143.6,376.3,1382.95,732.1
14-05-2019,314.65,1143.95,380.4,1395.8,731.35
15-05-2019,312.1,1143.35,377.05,1413.15,721.95
16-05-2019,315.75,1155.33,382.5,1460,731.85
17-05-2019,319.25,1181.05,389.7,1502.55,748.95
20-05-2019,344.7,1216.18,407.7,1487.9,782.4
21-05-2019,337.55,1201.85,400.15,1495.25,772.95
22-05-2019,341.1,1202.88,405.35,1499.75,779.15
23-05-2019,342.2,1166.05,410.85,1511.7,776.4
24-05-2019,355.35,1186.68,431.75,1529.4,793.2
27-05-2019,361.7,1204.18,435.5,1511,813.9
28-05-2019,360.05,1208.1,434.3,1513.9,808.4
29-05-2019,348.65,1208.45,423.3,1535.35,804.7
30-05-2019,353.55,1219.78,426.2,1522.15,807.55
31-05-2019,352.5,1212.68,423.7,1531.25,808.3
03-06-2019,355.45,1228.55,422.9,1531.35,812.65
04-06-2019,352.4,1226.15,419.1,1514.25,822.8
06-06-2019,336.9,1211.68,411.55,1511.8,807.7
07-06-2019,342.05,1223.83,416.6,1502.6,804
10-06-2019,344.3,1220.1,416.1,1507.7,814.15
11-06-2019,347.1,1224.2,421.35,1483.5,814.8
12-06-2019,344,1213.53,418,1504,813.55
13-06-2019,346.5,1222.35,419.6,1473.85,820.15
14-06-2019,343.8,1217.55,417.75,1460.35,801.2
17-06-2019,337.85,1211,414.2,1461.85,777.7
18-06-2019,340.05,1208.63,422.15,1497.8,775.75
19-06-2019,338.85,1214.18,419.8,1518.35,770.7
20-06-2019,345.15,1213.18,433.4,1489.8,771.4
21-06-2019,349.4,1207.1,430.8,1470.6,771.05
24-06-2019,353.2,1208.97,429.45,1483.9,762.85
25-06-2019,356.55,1214.35,433.65,1490.6,781.65
26-06-2019,358.15,1233.95,438.65,1481.6,788.6
27-06-2019,362.15,1231.15,440.95,1477.1,800.45
28-06-2019,361.25,1221.88,437.1,1481.2,808.55
01-07-2019,361.55,1242.78,439,1471.5,810.45
02-07-2019,364.5,1247.5,436.75,1475,802.6
03-07-2019,366.15,1244.83,435.95,1497.8,806.2
04-07-2019,367.4,1241.9,436.2,1517.2,808.85
05-07-2019,370.65,1236.2,436.35,1475.3,806.1
08-07-2019,355.3,1204.8,425.9,1462.85,782.9
09-07-2019,359.5,1189.58,428.5,1475.85,786.2
10-07-2019,354.2,1194.38,430.9,1484.95,769.25
11-07-2019,363.2,1203.58,426.55,1483.65,766.4
12-07-2019,363.6,1196.95,427.05,1508.1,755.8
15-07-2019,360.05,1197.38,422.3,1501.45,749.75
16-07-2019,364.35,1195.6,424.6,1534.6,761.05
17-07-2019,372.4,1198.72,424.7,1538.25,752.6
18-07-2019,363.65,1205.95,418.65,1498.9,740.4
19-07-2019,356,1187.83,410.3,1454.3,729.25
22-07-2019,350.85,1148.63,411.5,1494,727.45
23-07-2019,342.2,1131.75,411.95,1497.2,728
24-07-2019,339.6,1140.45,408.5,1485.05,712.3
25-07-2019,341.3,1143.03,409,1511.85,723.15
26-07-2019,342.6,1138.65,415.75,1502.5,729.85
29-07-2019,343.8,1122.15,429.35,1498.7,720.25
30-07-2019,327.55,1126.13,425.35,1519.55,707.6
31-07-2019,332.2,1125.83,424.6,1495.8,674.1
01-08-2019,317.15,1110.9,417.05,1507.6,669.3
02-08-2019,308.45,1107.18,410.6,1460.1,673.85
05-08-2019,300.25,1089.63,402.65,1485.3,662.45
06-08-2019,301.4,1094.55,410.25,1476.3,679
07-08-2019,289.9,1092,408.4,1502.75,659.95
08-08-2019,294.35,1116.58,414.4,1532.1,660.1
09-08-2019,291.35,1141,420.15,1511.4,660.8
13-08-2019,283.35,1110.18,410.25,1491.8,649.45
14-08-2019,289.75,1114.72,417.3,1498.95,663.2
16-08-2019,290.9,1113.85,418.95,1496.35,675.65
19-08-2019,286.85,1103.43,423.4,1505.1,685
20-08-2019,283.7,1110.3,416.9,1505.75,672.35
21-08-2019,277.4,1112.93,412.05,1478.25,664.7
22-08-2019,268.55,1087.05,399.1,1470.2,661.15
23-08-2019,271.1,1081.35,395.4,1512.8,663.9
26-08-2019,280.2,1128.08,411.65,1501.55,683.7
27-08-2019,285.7,1129.97,418.6,1483.65,682.95
28-08-2019,284.9,1123.75,412.95,1450.85,678.2
29-08-2019,274.5,1113.47,404.4,1431.45,661.15
30-08-2019,273.85,1113.97,409.65,1414.3,663.9
03-09-2019,268.4,1105.47,392.15,1426.45,645.7
04-09-2019,275.1,1123.88,397.5,1410.15,647.3
05-09-2019,273.3,1117.58,389,1441.55,649.6
06-09-2019,273.95,1122.95,391.35,1471.3,671.1
09-09-2019,278,1124.8,395.45,1475.2,671.55
11-09-2019,285.25,1125.65,394.6,1457.55,681.7
12-09-2019,287.05,1135.43,402.7,1484.25,662.9
13-09-2019,291.7,1128.72,413.4,1474.95,674.25
16-09-2019,284.7,1122.08,412.15,1448.3,670.9
17-09-2019,273.95,1105.68,400.65,1464.75,640.45
18-09-2019,280.4,1093.88,399.35,1452.6,648.4
19-09-2019,274.05,1101.05,386.6,1538.85,638.2
20-09-2019,301.7,1199.6,417.5,1640.6,680.35
23-09-2019,313.75,1257.25,446.3,1618.1,725.5
24-09-2019,302.6,1253.8,440.9,1601.6,704.4
25-09-2019,280.25,1239.7,434.2,1626.85,694.95
26-09-2019,281.85,1242.5,451.95,1643.5,699.9
27-09-2019,281.2,1244.2,449.2,1644.45,700.6
30-09-2019,270.8,1227.45,433.7,1648.2,685
01-10-2019,255.95,1248.8,424.6,1615.75,679.15
03-10-2019,254.15,1223.55,427.3,1563.15,668.4
04-10-2019,249.95,1189.7,413.9,1555.65,656.4
07-10-2019,249.1,1186.9,416.1,1612.35,673.45
09-10-2019,260.95,1228.15,436.7,1584.8,686.3
10-10-2019,254.15,1200.55,423.7,1587.75,672.95
11-10-2019,254.55,1198.8,428.55,1585.5,672.7
14-10-2019,255.45,1204.4,428.85,1615.6,683.5
15-10-2019,258.45,1223.05,431.85,1605.55,690.05
16-10-2019,256.05,1221.1,435.3,1604.55,693.4
17-10-2019,265.45,1220,440.6,1615.25,710.3
18-10-2019,269.65,1229,437.8,1628.85,709.55
22-10-2019,270.5,1239.3,451.15,1613.65,712.75
23-10-2019,275.45,1241.6,455.1,1613.2,714.85
24-10-2019,262.5,1236.1,454.75,1588.6,707.7
25-10-2019,281.55,1229,469.1,1593.15,708.6
27-10-2019,281.3,1238,467.8,1575.55,709.05
29-10-2019,280.65,1242.5,477.4,1578.9,738.45
30-10-2019,289.9,1248.35,471.15,1574.5,747.4
31-10-2019,312.4,1230.35,463.05,1579.9,736.35
01-11-2019,313.55,1240.05,462.25,1571.05,748.3
04-11-2019,314.3,1236.85,470.5,1553.9,742.6
05-11-2019,319.2,1239.5,468.35,1571.05,738.05
06-11-2019,317.55,1256.65,480.7,1584,747.25
07-11-2019,318.15,1263.7,478.55,1600.25,734.75
08-11-2019,316,1255.6,489.45,1616.9,725.5
11-11-2019,318.25,1264.75,496.8,1605.8,733.7
13-11-2019,306.8,1257.55,485.75,1597.6,711.2
14-11-2019,306,1273.9,498.65,1622.75,715.9
15-11-2019,321.9,1277.9,499.85,1627.2,716.9
18-11-2019,325.1,1262.05,498.35,1623.8,722.95
19-11-2019,330.4,1271.9,493.5,1599.45,747.8
20-11-2019,328.8,1273.35,495,1595.25,748.75
21-11-2019,331.35,1283.35,498.25,1569.1,737.4
22-11-2019,329.3,1264.75,496.8,1603.65,732.1
25-11-2019,336.1,1271.1,497.8,1604.4,754.75
26-11-2019,335.5,1275.05,510.7,1617.9,752.25
27-11-2019,343.55,1278.4,505.5,1615,752.9
28-11-2019,349.3,1265.3,519.15,1615.2,750.6
29-11-2019,341.85,1274.95,512.6,1631,739.05
03-12-2019,336.25,1262.55,509.35,1646.75,733.4
04-12-2019,341.85,1255.4,529.25,1651.25,739.85
05-12-2019,336.2,1251.65,528.1,1649.3,729.25
06-12-2019,320,1245.6,524.8,1674.3,717.6
09-12-2019,316.7,1246.05,526.5,1659.25,732
10-12-2019,313.4,1242.95,528.7,1662.4,715.7
11-12-2019,312.8,1249.5,533.55,1686.55,716.55
12-12-2019,321.85,1248.75,535.35,1715.6,722.1
13-12-2019,332.55,1263.6,537.05,1692.75,752
16-12-2019,331.85,1263.85,539.25,1703.95,747.25
17-12-2019,332.9,1257.35,541.15,1713.3,745.65
18-12-2019,326.95,1271.1,541.4,1724.35,741.85
19-12-2019,328.15,1292.35,540.2,1729.5,742.55
20-12-2019,337.85,1288.8,546.1,1692.7,739.85
23-12-2019,332.4,1296.7,541.3,1704.9,743.15
24-12-2019,331.45,1302.4,541.1,1711.55,740.65
26-12-2019,329.85,1289.15,538.75,1694.25,736.5
27-12-2019,337.25,1270.45,549.4,1685.6,760.15
30-12-2019,334.4,1275,543.95,1690.4,754.1
31-12-2019,333.75,1282.15,538.9,1684.35,754.1
01-01-2020,334.45,1272.1,536.75,1674.05,748.7
02-01-2020,339.3,1278.6,540.6,1671.55,756.95
03-01-2020,333.7,1286.75,538.85,1657.1,742.95
06-01-2020,319,1268.4,525.7,1652.55,723.25
07-01-2020,318.4,1240.95,522.9,1670.85,725.75
08-01-2020,319.8,1260.6,525.95,1654.85,724.5
09-01-2020,330.2,1257.3,546.3,1665.05,742.85
10-01-2020,332.25,1271.4,540.25,1684.7,740.05
13-01-2020,330.75,1282.7,538.6,1691.1,737.4
14-01-2020,328,1286,537.6,1676.8,747.9
15-01-2020,324.25,1289.5,535.6,1675.6,746.3
16-01-2020,323.3,1284.25,537.15,1701.55,737.3
17-01-2020,318,1287.65,532.05,1698.1,739.9
20-01-2020,314,1278.15,534.85,1617.9,727.2
21-01-2020,313.7,1254.9,531.05,1625.1,717.6
22-01-2020,316.15,1244.35,522.85,1585.5,712.6
23-01-2020,323.2,1240.85,527.7,1605.85,723
24-01-2020,324.05,1244.85,533.85,1642.95,737.4
27-01-2020,316.2,1244.55,537.25,1618.35,740.25
28-01-2020,315.1,1213.2,528.2,1626.05,737.15
29-01-2020,316.45,1223.2,526.6,1640.45,735.25
30-01-2020,310.7,1235.85,532.2,1628.25,730.9
31-01-2020,318.45,1226.05,525.65,1691.75,729.3
01-02-2020,301.5,1226.3,504,1654.5,705.6
03-02-2020,298.1,1199.75,515.55,1676.25,708.95
04-02-2020,306.25,1192.8,530.8,1698.3,715
05-02-2020,311,1229.8,539.1,1689.75,724.05
06-02-2020,321.95,1244.65,541.6,1674,736.95
07-02-2020,320.55,1239.8,536.45,1653.05,748.15
10-02-2020,318.5,1242.2,533.95,1669.3,741.1
11-02-2020,324.35,1240.3,539.75,1677.45,749.95
12-02-2020,320.2,1240.6,549.3,1714.9,755.25
13-02-2020,327.45,1249,541,1689.8,747.8
14-02-2020,319.4,1241.4,545.8,1680.95,736.5
17-02-2020,314.2,1219.35,541.6,1691.1,738.4
18-02-2020,317.55,1217.15,541.2,1691,733.65
19-02-2020,320.35,1213.25,544.8,1701.1,741.05
20-02-2020,327.65,1227.2,547,1685.95,744.3
24-02-2020,322.95,1217.1,529.85,1678.25,725.45
25-02-2020,326.8,1209.95,530.95,1675.8,728.75
26-02-2020,328.2,1200.3,523.7,1666.5,729.4
27-02-2020,321.95,1199.25,515.35,1682.75,735.85
28-02-2020,303,1199.45,497.25,1620.35,697.3
02-03-2020,287.4,1177.65,506.1,1599,684.2
03-03-2020,289.85,1179.6,514.75,1626.3,687.15
04-03-2020,285.3,1181.8,508.35,1607.95,682.2
05-03-2020,288.5,1148.85,504.5,1651.35,677.9
06-03-2020,270.5,1151.35,486.35,1631.05,657.65
09-03-2020,253.45,1134.9,457.75,1578.15,623.55
11-03-2020,245.1,1107.3,465.65,1589.3,619.35
12-03-2020,212.6,1113.8,425.65,1465.05,543.25
13-03-2020,242,1021.3,447.2,1470.05,568.8
16-03-2020,223.35,1069.8,402.9,1383.7,508.6
17-03-2020,215.15,999.5,367.25,1322.7,488.35
18-03-2020,215.2,975.1,355.05,1171.95,473.45
19-03-2020,203.65,876.9,338.55,1210.85,428.25
20-03-2020,209.85,895.55,345.7,1262.35,428.15
23-03-2020,181.6,882.85,284,1098.25,308.65
24-03-2020,183.2,771.55,296.5,1152.9,303.15
25-03-2020,189.9,767.7,316.9,1290.15,326.8
26-03-2020,192.75,856.75,330.25,1372.95,341.4
27-03-2020,195.95,901.1,339.85,1399.1,359.75
30-03-2020,186.9,904.45,313.4,1293.7,368.15
31-03-2020,196.85,831.65,323.75,1296.05,379
01-04-2020,186.55,861.9,311.15,1181.65,358.65
03-04-2020,175.5,829.65,286.65,1140.85,325.45
07-04-2020,186.4,813.85,326.1,1198.05,388.85
08-04-2020,183,896.1,318.95,1187.65,391.35
09-04-2020,187.75,888.9,342.7,1272.9,420.15
13-04-2020,183.5,925.05,330.65,1250.9,418.95
15-04-2020,182.35,895.35,327.35,1173.75,417.3
16-04-2020,188.5,863.3,342,1130.85,422.55
17-04-2020,193.25,879.75,375.55,1186.25,478.8
20-04-2020,192.5,910.3,361.3,1177.75,455.95
21-04-2020,184.75,944.85,331.85,1130.15,420.65
22-04-2020,188.7,921.65,335.95,1152.15,431.15
23-04-2020,186.7,928.6,352.95,1249.65,430.05
24-04-2020,179.75,954.95,334.85,1239.55,403.95
27-04-2020,180.9,938.05,347.9,1303.6,427.3
28-04-2020,184.3,929.7,359.85,1326.65,455.45
29-04-2020,190.1,931.4,370.45,1327.85,439.1
30-04-2020,190.5,977.1,380.15,1357.2,444.9
04-05-2020,178.85,1001.8,338.05,1277.8,402.8
05-05-2020,170.4,923,330.85,1238.35,389
06-05-2020,171.1,911.45,341.4,1245.95,388.85
07-05-2020,170.75,946.4,336.75,1199.8,397.35
08-05-2020,166.65,925,337.7,1217.45,382.05
11-05-2020,165.45,929.05,320.15,1188.45,379.55
12-05-2020,166.9,915.8,321.2,1157.2,386.85
13-05-2020,174.1,901.55,338.05,1186.7,414
14-05-2020,167.95,927.65,327.4,1173.1,401.95
15-05-2020,166.4,893.7,322.7,1178.3,388.55
18-05-2020,155.3,888.15,298.5,1113.65,358.8
19-05-2020,152.8,836.65,300.3,1130.45,354.5
20-05-2020,153.4,830.65,305.65,1160.1,362.5
21-05-2020,151.95,857.1,304.4,1150.25,357.2
22-05-2020,150.85,859.55,291.05,1160.2,336.95
26-05-2020,151.4,838.85,292.7,1153.2,341.3
27-05-2020,158.6,852.4,318.85,1217.55,387
28-05-2020,158.2,903.65,326.85,1229.45,390.95
29-05-2020,161.3,945.25,331.95,1224,384.95
01-06-2020,170.05,951.65,339.25,1248.4,396.95
02-06-2020,170.25,987.65,348.4,1342.9,410.1
03-06-2020,174.9,1001,356.85,1386.55,409.55
04-06-2020,174.05,1022.25,347.85,1334.4,394.35
05-06-2020,187.8,1001.7,357.2,1337.8,405.3
08-06-2020,186.8,1033.35,359.8,1336.75,430.25
09-06-2020,184.45,1015.9,348.55,1304.15,420.05
10-06-2020,187.7,987.3,353,1332.25,427.45
11-06-2020,177.15,991.85,341.25,1298.7,413.45
12-06-2020,179.15,968.6,344.2,1279.8,408
15-06-2020,173.7,982.75,331.1,1248.9,389.6
16-06-2020,172.9,949.85,342.95,1276.8,381.55
17-06-2020,172.95,990.4,341.95,1243.8,389.6
18-06-2020,179.65,979.25,352,1303.35,405.4
19-06-2020,184.5,1019.95,363.8,1302.5,417.05
22-06-2020,187.7,1033.35,367.55,1355.35,430.15
23-06-2020,192.45,1028.75,376.15,1389.9,443.65
24-06-2020,184.6,1042.3,348.1,1343.9,424.65
25-06-2020,185.25,1032.5,351,1381.7,421.7
26-06-2020,184.6,1028.75,349.1,1340.1,424.85
29-06-2020,179.25,1056.45,343.1,1355.65,404.8
30-06-2020,178.45,1076.05,351.45,1360.45,406.65
01-07-2020,184.8,1065.85,364.05,1356.75,433.25
02-07-2020,185.45,1084.6,362.85,1352,423.2
03-07-2020,184.7,1089.4,361,1353.8,428.45
06-07-2020,188.05,1073.95,361.85,1367.9,434
07-07-2020,188.6,1103,376.05,1368.25,447.35
08-07-2020,191.9,1105.15,368.95,1352.75,444.15
09-07-2020,199.1,1110.35,370.35,1368.15,453.75
10-07-2020,195.6,1124.95,360.35,1349.35,439.6
13-07-2020,192.7,1105.1,353.6,1335.55,440.05
14-07-2020,186.05,1080.25,345.55,1298.3,417.7
15-07-2020,183.8,1058.85,345.8,1290,426.65
16-07-2020,186.25,1053.15,344.65,1322.65,434
17-07-2020,188.2,1062.55,353.8,1327.45,433.1
20-07-2020,190.75,1098.45,363,1319.05,434
21-07-2020,194.4,1133.05,378.8,1359,446.2
22-07-2020,192,1138.55,381.1,1342.35,478.95
23-07-2020,198.25,1126.35,392.25,1374.05,460.85
24-07-2020,191.95,1130.4,381.8,1350,445.6
27-07-2020,187.15,1119.1,358.5,1322.6,431.55
28-07-2020,189.45,1079.5,352.1,1384.05,437.05
29-07-2020,191.2,1086.65,351.05,1389.45,440.9
30-07-2020,186.55,1064.6,344.95,1385,425.85
31-07-2020,191.45,1050.65,346.8,1365.75,431.65
03-08-2020,192.25,1032.8,343.25,1308.55,417.35
04-08-2020,191.6,1002,351,1323.95,429.15
05-08-2020,191.45,1041.65,352.2,1334.2,434.95
06-08-2020,190.95,1027.55,358.75,1340.1,433
07-08-2020,190.65,1040.7,357.95,1342.5,433.3
10-08-2020,193.8,1043.85,363.55,1360.2,431.1
11-08-2020,195.05,1050.65,367.35,1364.6,448
12-08-2020,203.3,1066.65,366.85,1335.1,451.1
13-08-2020,201.9,1063.7,368.05,1336.25,448.1
14-08-2020,196.5,1059.05,361.4,1307.45,435.85
17-08-2020,193.1,1034.45,360.2,1327.55,438.15
18-08-2020,195.1,1032.75,369.55,1369.35,445.8
19-08-2020,197.05,1056.5,374.45,1355.6,444.2
20-08-2020,194.75,1066.6,367.75,1338.35,434.95
21-08-2020,198.4,1059,371.15,1339.4,440.45
24-08-2020,201.45,1085.65,380.35,1387.25,445.8
25-08-2020,207.95,1117.05,386.35,1400.1,451.8
26-08-2020,209.85,1119.7,389.35,1436.7,463.35
27-08-2020,215.65,1118.45,392.2,1420,473.05
28-08-2020,224.85,1112.1,409.7,1467.1,509.2
31-08-2020,212,1114.5,394.6,1401.35,496.75
01-09-2020,218.1,1115.85,390.95,1430.65,485.7
02-09-2020,216.25,1127.3,392.4,1423.5,484.4
03-09-2020,213.15,1134.15,382.75,1396.7,474.95
04-09-2020,206.6,1130.9,372.55,1380.05,455.2
07-09-2020,207.9,1119.3,373.4,1368.75,458.7
08-09-2020,204.05,1110.5,375.7,1350.7,444.35
09-09-2020,194.85,1112.45,367.6,1326.15,431.25
10-09-2020,198.15,1096.5,370.7,1319.5,446.85
11-09-2020,202.7,1090.55,370.5,1330.35,447.2
14-09-2020,198.5,1078.65,363.7,1304.7,440.55
15-09-2020,200.15,1057.95,371.55,1323.95,449.55
16-09-2020,198.2,1070.5,374.7,1325.4,446
17-09-2020,195.45,1093.65,369,1305.1,442.9
18-09-2020,192.6,1083.6,369.55,1277.1,443.35
21-09-2020,185.8,1057.3,350.7,1287.85,423.35
22-09-2020,186.2,1049.3,354.4,1270.55,412
23-09-2020,183.8,1035.4,351.85,1275.4,419.75
24-09-2020,176.35,1047.25,335.7,1246.1,402.45
25-09-2020,182.2,1030.4,348.65,1253.05,415.05
28-09-2020,187.25,1044,363,1278.7,439.25
29-09-2020,185.05,1054.2,357.05,1263.25,426.85
30-09-2020,185.4,1062.55,354.75,1268.2,424.65
01-10-2020,190.3,1078.6,369.2,1305.05,443.7
05-10-2020,188.75,1106.95,373.1,1314.6,444.15
06-10-2020,191.6,1114.35,380.6,1338.25,449.65
07-10-2020,190.7,1144.1,382.65,1324.7,453.1
08-10-2020,191.5,1162.25,387.5,1320.1,451.9
09-10-2020,198.3,1191.8,401.5,1319.85,468.05
12-10-2020,198.7,1233.55,404.05,1312.9,468
13-10-2020,195.7,1213.65,396.25,1344.95,461.35
14-10-2020,200.05,1198.45,406.8,1353.35,471.3
15-10-2020,192.85,1211.5,391,1309.55,462.6
16-10-2020,195.95,1169.25,396.1,1336.55,472.4
19-10-2020,204,1199.35,417.1,1376.7,492.95
20-10-2020,203.05,1203.55,414.6,1368.8,493.95
21-10-2020,203.75,1223.95,420.3,1393.3,501.45
22-10-2020,203.3,1246.7,412.9,1393.05,510.3
23-10-2020,202.8,1233.3,416.95,1383.05,507.2
26-10-2020,196.7,1235.8,404.45,1416.9,493.35
27-10-2020,194.65,1210.9,409.95,1587.65,508.1
28-10-2020,190.45,1233.1,396.05,1551.35,504.7
29-10-2020,188.7,1209.6,399.9,1570.9,493.85
30-10-2020,189.25,1187.2,392.6,1547.4,492.5
02-11-2020,196.05,1183.55,417.45,1580.7,522.65
03-11-2020,204.75,1215.25,443.85,1593.6,534.15
04-11-2020,207,1247.95,437.05,1630.7,525.15
05-11-2020,218.65,1257.4,438.5,1675.45,539.3
06-11-2020,219.2,1269.2,442.8,1718.05,541.75
09-11-2020,219.5,1307.65,462.7,1728.15,565.05
10-11-2020,231.7,1340.55,483.85,1752.95,583.6
11-11-2020,234.2,1393.65,486.55,1807.85,608.65
12-11-2020,226.8,1389.95,476.7,1754.75,599.7
13-11-2020,229.45,1371.7,485.55,1763.3,610.35
17-11-2020,240.2,1358.8,486.4,1796.65,628.8
18-11-2020,252,1408.45,497.65,1830.6,636.3
19-11-2020,239.75,1408.7,478.75,1826.35,611.5
20-11-2020,242.75,1374.35,480.2,1889.4,607.85
23-11-2020,238.7,1403.65,468.25,1897.85,595.6
24-11-2020,243.85,1394.6,478.2,1924.9,619.65
25-11-2020,243,1438.2,472.7,1862.45,599.85
26-11-2020,245.45,1402.8,475.3,1889.1,612.55
27-11-2020,244.25,1426.65,473.35,1907.1,601.6
01-12-2020,248.05,1440.85,485.1,1875.85,603.65
02-12-2020,246.95,1433.3,480.45,1814.2,608.1
03-12-2020,256.3,1406.95,481.85,1821,602.7
04-12-2020,263.5,1377.2,502.05,1846.25,614.5
07-12-2020,269.6,1385.6,510.45,1820.55,619.25
08-12-2020,271.9,1372.25,508.4,1833.8,620.65
09-12-2020,270.35,1376.3,511.5,1883.55,634.2
10-12-2020,269.55,1407.2,506.95,1903.3,627.05
11-12-2020,272.45,1385.85,515.45,1920.4,613.25
14-12-2020,274.2,1382.8,525.8,1939.35,615.9
15-12-2020,270.65,1372.15,518.05,1951.15,607.1
16-12-2020,269.4,1391.3,512.45,1952.55,606.1
17-12-2020,267.7,1410.7,510.4,1965.45,605.4
18-12-2020,271.45,1441.8,517.15,1949.35,609.5
21-12-2020,254.7,1411.35,494.5,1920.85,582.5
22-12-2020,257.45,1372.65,500.3,1902.95,589.75
23-12-2020,263,1373.1,503.6,1920.75,592.45
24-12-2020,266.85,1375.65,513.55,1960.6,610.2
28-12-2020,275.2,1397.1,520.1,1988.9,617.65
29-12-2020,277.9,1412.85,528.8,1999.3,630.2
30-12-2020,276.9,1427.2,528.75,2017.95,625.1
31-12-2020,274.95,1432.5,535.05,1995.6,620.45
01-01-2021,279.4,1436.3,527.5,1994.05,623.8
04-01-2021,281.05,1425.05,531.7,1965.55,624.7
05-01-2021,281.75,1416,537.25,1959.75,664.45
06-01-2021,285.05,1426.7,546.7,1970.4,654.25
07-01-2021,287.7,1420.55,541.1,1952.4,671.1
08-01-2021,286,1416.25,542.05,1970.7,672.7
11-01-2021,282.5,1431.65,544.7,1938.15,666.95
12-01-2021,292.5,1451.45,548,1903.45,675.7
13-01-2021,306.8,1481,556.5,1882.1,687.8
14-01-2021,307.25,1470.65,553.3,1892.65,676
15-01-2021,303.85,1468.75,543,1863.9,674.85
18-01-2021,294.45,1466.65,533.15,1846.95,657
19-01-2021,298.6,1483.1,546.45,1887,668.75
20-01-2021,302.55,1503.85,551,1883.6,675.75
21-01-2021,294.85,1492,552.7,1857.8,675.85
22-01-2021,283.7,1474.8,533.8,1828,644.5
25-01-2021,280.95,1443.55,538.05,1794.4,658.4
27-01-2021,275.65,1462.85,522.35,1764.7,632.1
28-01-2021,282.35,1409.6,528.25,1722.85,670.7
29-01-2021,282.1,1371.45,537,1712.95,662.9
01-02-2021,310.7,1390.5,603.8,1801.5,709.35
02-02-2021,333.1,1476.75,617.35,1861.3,714.2
03-02-2021,335.95,1560.55,622.35,1852.2,733.8
04-02-2021,355.1,1574.8,628.3,1910.4,743.9
05-02-2021,393.1,1579.1,614.15,1982.7,719.6
08-02-2021,397.05,1597.6,629.6,1957.15,736.15
09-02-2021,394.8,1605.25,633.35,1949.15,742.5
10-02-2021,392.25,1611.85,632.15,1952.05,734.8
11-02-2021,390.15,1581.75,630.65,1961,740.1
12-02-2021,393.15,1572.35,647.6,1951.05,750.4
15-02-2021,406.95,1581.95,673.95,1985.95,794
16-02-2021,402.35,1616.6,658.35,2019.65,775.05
17-02-2021,411.75,1626.65,657.35,1989.45,777.75
18-02-2021,415.2,1586.5,644.65,1945.45,777
19-02-2021,399.55,1554.3,624.05,1938.75,749.65
22-02-2021,389.5,1539.1,609.85,1949.6,719.45
23-02-2021,395.6,1548,616.3,1872.95,715.95
24-02-2021,406.25,1529.15,641.1,1911.2,749.4
25-02-2021,407.25,1606.45,628,1895.5,770.65
26-02-2021,390.15,1606.4,597.75,1780.35,724.8
01-03-2021,394.95,1534.4,608.35,1845.4,728.55
02-03-2021,394.2,1558.9,610.5,1844.65,731.25
03-03-2021,405.05,1568.2,632.1,1899.5,753.95
04-03-2021,395.65,1586.85,620.75,1897.7,736.8
05-03-2021,383.65,1552.05,609.45,1922.5,730.75
08-03-2021,389.6,1530,608.05,1915.85,743.3
09-03-2021,387.6,1519.5,625.1,1978.95,745.45
10-03-2021,387.7,1562.5,625.6,1963.95,760.75
12-03-2021,381.1,1555.75,612.85,1935.15,750.6
15-03-2021,383.9,1551.95,603.5,1918.65,744.4
16-03-2021,378.55,1528.65,594.95,1903.2,737.75
17-03-2021,368.15,1512.15,589.5,1868.35,727.9
18-03-2021,367.1,1495.35,578.6,1830.4,718.75
19-03-2021,371.15,1491,586.65,1834.15,726.25
22-03-2021,367,1497.5,573.45,1822.65,716.2
23-03-2021,372.7,1469.15,586.4,1812.65,730.55
24-03-2021,359.85,1500.15,567.5,1782.45,706.4
25-03-2021,355.2,1478.8,571.55,1762.9,694.6
26-03-2021,357.2,1463.35,578.55,1771.05,698.2
30-03-2021,360.8,1491.3,591.45,1781.25,695.35
31-03-2021,364.3,1553.7,582.1,1753,697.45
01-04-2021,370.65,1493.65,594.4,1804.55,713
05-04-2021,353.55,1486.75,571.25,1759.2,685.25
06-04-2021,350.55,1449.6,565.9,1768.3,677.9
07-04-2021,358.55,1440.25,577.65,1792,688.25
08-04-2021,355.6,1447.2,576.7,1783.25,681.6
09-04-2021,353,1432.8,566.2,1799.25,668.2
12-04-2021,328.85,1421.75,538.55,1742.5,635.6
13-04-2021,341,1367.05,560.6,1775.85,661
15-04-2021,342.7,1400.35,575.2,1773.25,668.85
16-04-2021,339.9,1430.1,566.95,1764.1,669.2
19-04-2021,331.15,1428.65,559.75,1700.75,648.15
20-04-2021,329.5,1412.4,559.1,1697.7,651.75
22-04-2021,336.65,1391.4,579.2,1736.05,658.7
23-04-2021,336.45,1422.5,569.95,1734.2,671.35
26-04-2021,344.3,1414.15,591.1,1759.65,700.45
27-04-2021,353.05,1404.8,598.75,1750.3,699.55
28-04-2021,363.4,1438.7,621.35,1811.45,708.15
29-04-2021,359.4,1476.8,621.45,1805,719.4
30-04-2021,353.5,1472.5,600.5,1748.8,714.9
03-05-2021,350.6,1412.3,596.75,1725.45,702.75
04-05-2021,351.5,1414.45,591.55,1732.65,700.35
05-05-2021,355.4,1388.35,602.8,1770.75,717.2
06-05-2021,355.55,1402.6,608.2,1788.25,715.75
07-05-2021,358.25,1400.9,607.1,1780.35,716.75
10-05-2021,361.7,1414.75,613.25,1809.35,715.25
11-05-2021,364.65,1419.85,609.85,1755.45,707.35
12-05-2021,367.7,1403.55,594.75,1718.85,691.3
14-05-2021,360.45,1399.5,597.3,1706.65,685
17-05-2021,383.1,1386.85,623.6,1744.15,709.25
18-05-2021,382.25,1440.25,633.2,1755.1,711.65
19-05-2021,384.4,1476.7,625.45,1730.55,716.8
20-05-2021,384.55,1458.2,618.6,1708.2,705.9
21-05-2021,401.2,1432.8,642.45,1757.65,730.9
24-05-2021,412.05,1497.3,647.35,1757,741.15
25-05-2021,412.35,1509.95,650.3,1750.5,731.55
26-05-2021,413.55,1478.95,652.5,1740.65,735.1
27-05-2021,425.2,1477.05,652.25,1777.25,750.35
28-05-2021,422.05,1482.65,643.05,1800.75,739.85
31-05-2021,424.35,1503.45,662.75,1807.7,750.7
01-06-2021,432.55,1515.85,650.1,1797,745.15
02-06-2021,437.25,1511.7,648.35,1783.1,737
03-06-2021,439.65,1504,650.25,1814.2,750.65
04-06-2021,433.6,1520.55,642.7,1811.2,742.05
07-06-2021,432.25,1500.95,648.2,1814.9,751.1
08-06-2021,427.2,1499.85,642.4,1793.55,746.35
09-06-2021,421.45,1483.05,636.1,1782.9,736.75
10-06-2021,432.25,1480.3,640.4,1799.55,744.25
11-06-2021,429.6,1481.05,635.7,1794.35,738.45
14-06-2021,430.35,1486.35,635.15,1768.05,736.25
15-06-2021,429.5,1479.45,645.3,1770.9,750.9
16-06-2021,425.95,1490.25,640.1,1760.6,749.8
17-06-2021,420.25,1484.6,633,1766.05,738.6
18-06-2021,412.9,1466.1,630.4,1760.45,736.3
21-06-2021,419.75,1479.8,631.25,1772.05,739.55
22-06-2021,418.65,1488.7,630.85,1757.1,739.35
23-06-2021,418.85,1483.8,624.7,1736.7,732.35
24-06-2021,417.2,1485.5,634.05,1737.9,739.15
25-06-2021,428.8,1506.25,649,1735,761.35
28-06-2021,426.75,1515.1,650.3,1733.05,762.4
29-06-2021,421.5,1508.35,640.1,1705.85,751.95
30-06-2021,419.2,1502.05,630.9,1705.85,748.3
01-07-2021,420.4,1497.9,630.85,1716.1,746.45
02-07-2021,424.4,1486.75,640.25,1715.15,750.65
05-07-2021,432.65,1480.4,647.85,1731.1,760.35
06-07-2021,429.75,1495.45,650.3,1755.35,758.35
07-07-2021,432.85,1534.7,654,1761.8,762.9
08-07-2021,424.45,1539.5,641.9,1732.3,754.4
09-07-2021,423.75,1520.45,638.55,1720.05,747.35
12-07-2021,427.45,1502,646.25,1731.95,753.6
13-07-2021,429.1,1487,664.95,1747.15,770.75
14-07-2021,431.05,1501.85,664.35,1748.15,770.05
15-07-2021,431.7,1499.15,667.45,1750.05,774.15
16-07-2021,430,1520.7,660.3,1749.5,771.15
19-07-2021,427.9,1522.35,655.9,1722.8,755.2
20-07-2021,420.9,1471,641.9,1702.65,745.75
22-07-2021,422.05,1443.15,655.95,1707.2,746.75
23-07-2021,428.9,1448.7,676.65,1722.95,755.4
26-07-2021,423.3,1442.75,676.75,1740.6,756.3
27-07-2021,429.95,1434.55,677.45,1697.95,731.7
28-07-2021,425.5,1439.75,685.05,1652.85,722.9
29-07-2021,441.55,1417.3,687.5,1641.65,717.25
30-07-2021,431.8,1418.25,682.5,1654.8,708.9
02-08-2021,434.9,1426.45,681.4,1665.1,721.15
03-08-2021,446.5,1422.65,690.4,1685.65,738.6
04-08-2021,456.95,1434.7,714.65,1749.95,753.8
05-08-2021,441.85,1465.3,702.45,1771.75,749.3
06-08-2021,435.65,1484.85,697.65,1777.2,740.85
09-08-2021,433.4,1492.65,702.85,1780.9,755.5
10-08-2021,426.45,1503.9,700.9,1813.25,761.55
11-08-2021,428.05,1507.65,693.55,1780.6,760.8
12-08-2021,427.15,1494.95,701.35,1787.7,757.35
13-08-2021,431.2,1501.4,704.8,1788,759.9
16-08-2021,424.85,1526.2,702.65,1782.35,762
17-08-2021,421.5,1530.6,701.2,1788.35,756.75
18-08-2021,419.7,1514.65,688.3,1749.7,754.4
20-08-2021,406.7,1513,680.7,1703.55,740.25
23-08-2021,409.5,1514.75,682.7,1716.85,736.1
24-08-2021,417.6,1524.6,694.45,1704.9,746.35
25-08-2021,416.25,1558.85,691.05,1697.2,739.05
26-08-2021,410.75,1557.4,698.8,1697.5,746.35
27-08-2021,412.45,1554.8,699.75,1713.55,752.4
30-08-2021,422.7,1548.45,713.65,1735.85,784.05
31-08-2021,426.05,1568.25,719.05,1753.7,786.5
01-09-2021,429.9,1581.4,719.9,1746.65,798.9
02-09-2021,429.75,1579.1,725.15,1776.4,802.7
03-09-2021,431.4,1589,724.3,1791.85,798
06-09-2021,431.05,1576.05,721.15,1774.55,800.8
07-09-2021,429.1,1565.7,716.9,1764.85,787.85
08-09-2021,431.35,1569.25,720.95,1815.35,794.7
09-09-2021,432.3,1576.4,720.25,1817.85,790.15
13-09-2021,432.85,1568.6,707.4,1840.05,788.35
14-09-2021,433,1555.55,707.45,1867.75,794.4
15-09-2021,443.85,1548.55,714.35,1871.7,791.4
16-09-2021,463.7,1546.8,727.2,1906.8,802.6
17-09-2021,454.1,1559.95,720.15,2007.95,807.35
20-09-2021,437.45,1582.15,710,2001.45,795.85
21-09-2021,438.8,1559.85,711.85,2010.95,795.35
22-09-2021,438.85,1551.95,703.35,1985.55,788.35
23-09-2021,449.8,1533.7,717,2024,812.15
24-09-2021,440.75,1570,722.95,2028.1,798.05
27-09-2021,446.6,1601.55,730,2033.35,796.95
28-09-2021,444.9,1625.1,717.15,2068.2,789.2
29-09-2021,460,1615.05,709.5,2030.45,782.15
30-09-2021,453,1593.85,700.85,2005.5,766.55
01-10-2021,451.65,1594.95,692.35,1993.55,768.15
04-10-2021,463.15,1582.7,700.2,1990.95,779
05-10-2021,464.7,1585.75,697.1,1982.35,782.6
06-10-2021,457.2,1595.45,689.5,1955.75,778.95
07-10-2021,457.9,1614.9,702.2,1952.45,777.1
08-10-2021,458,1610.5,703.4,1936.35,781.95
11-10-2021,469.25,1602.65,713.3,1975.4,787.15
12-10-2021,483,1633.8,708.6,1995.1,797.15
13-10-2021,481.7,1629.6,709.95,2009.35,794.6
14-10-2021,490.6,1639.4,727.3,2017.8,802.05
18-10-2021,497.95,1687.4,745.45,2011.6,813.3
19-10-2021,488.2,1670.3,747.45,2035.35,801.65
20-10-2021,499.9,1688.7,745.85,2015.45,804.8
21-10-2021,502.95,1673.85,755.5,2143.75,807.8
22-10-2021,502.95,1676.3,759.3,2171.4,816.7
25-10-2021,506.5,1680.75,841.7,2154.5,845.1
26-10-2021,512.55,1657,829.4,2210.95,841.9
27-10-2021,519.15,1652.75,835,2188.25,787.5
28-10-2021,501.35,1642.8,798.7,2098.5,758.35
29-10-2021,502.15,1593.6,802.05,2031.15,742
01-11-2021,515.7,1582.85,803.9,2076.5,752.35
02-11-2021,521.7,1605.3,800.95,2076.65,755.85
03-11-2021,527.65,1606.75,785.95,2037.55,750.6
04-11-2021,530.45,1581.45,782.1,2057,752.95
08-11-2021,523.25,1593.95,780.15,2118.85,751.05
09-11-2021,529.15,1600.25,786.55,2097.2,745.05
10-11-2021,524.4,1572.25,780.9,2076.05,749.35
11-11-2021,509.6,1555.25,771.45,2054.1,738.05
12-11-2021,511.35,1548.3,776.6,2074.7,736.05
15-11-2021,506.55,1553,773.3,2097.3,733.25
16-11-2021,495.1,1557.25,764.05,2082.85,726.15
17-11-2021,498.15,1548,761.3,2053.1,712.35
18-11-2021,503.8,1530.8,762.9,2024.45,706.35
22-11-2021,486.4,1539.4,752,1955.45,686.4
23-11-2021,493.05,1515.35,751.85,1982.9,685.65
24-11-2021,493.15,1515.55,760.2,2011.4,685.15
25-11-2021,490.55,1518.05,751.05,2035.1,679.9
26-11-2021,470.5,1525.95,722.2,1964.3,661.75
29-11-2021,465.1,1489.9,718.4,2019.6,651.1
30-11-2021,460.55,1501.25,714.35,1961.9,655.65
01-12-2021,475.3,1493.55,727.7,1953.35,679.6
02-12-2021,477,1504.65,722.4,1964.25,676.1
03-12-2021,473.15,1525.75,716.3,1914.2,673
06-12-2021,465.3,1513.55,709.55,1885.2,663.1
07-12-2021,476.7,1503.8,734.65,1937.15,687
08-12-2021,491.55,1525.7,753.4,1920.45,697.1
09-12-2021,488.65,1553.8,755,1916.35,693.95
10-12-2021,494.7,1526.85,758,1896.75,688.05
13-12-2021,487.8,1522.55,754,1873.1,704
14-12-2021,488.55,1511.15,758.65,1840.4,710.9
15-12-2021,484.8,1502.45,752.25,1867.4,712.5
16-12-2021,481.15,1500,741.15,1860.75,709.65
17-12-2021,467.8,1500.1,728.3,1793.8,688.9
20-12-2021,449.2,1473.05,709.95,1742.5,674.35
21-12-2021,446,1425.65,720.35,1736.55,665.85
22-12-2021,455.85,1441.8,732.8,1762.4,669.35
23-12-2021,461.8,1445.2,731.3,1775.6,678.8
24-12-2021,456.95,1444.1,727.1,1748.4,667.5
27-12-2021,458.05,1438.9,736,1773.45,672.15
28-12-2021,461.2,1450.8,735.8,1774.9,675.45
29-12-2021,454.4,1460.8,735.7,1764.2,670.5
30-12-2021,451.7,1453.85,735.7,1755.25,668.85
31-12-2021,460.45,1461.5,740.15,1796.1,678.55
03-01-2022,470.8,1479.4,764.7,1824.45,696.35
04-01-2022,483.5,1519.65,772.85,1852.6,709.15
05-01-2022,492.4,1528.55,788.05,1922.15,726.9
06-01-2022,491.7,1564.85,785.05,1891.9,730.3
07-01-2022,491.25,1539.75,793.25,1904.25,730.6
10-01-2022,503.65,1550.55,810.75,1947.95,742.8
11-01-2022,505.95,1559.15,810.65,1936.8,743.25
12-01-2022,510.25,1565.9,823.75,1956.6,746.85
13-01-2022,511.35,1556.65,824.7,1926.35,740.7
14-01-2022,508.35,1528,820,1938.2,721.7
17-01-2022,514,1545.15,819.3,1937.45,712.65
18-01-2022,506.8,1521.5,823.1,1942.15,725.2
19-01-2022,515.8,1529.25,808.6,1905.65,729.6
20-01-2022,511.4,1518.45,810.25,1892.6,728.9
21-01-2022,502.7,1509,804.5,1893.75,712.5
24-01-2022,494.15,1521.6,798.45,1830.9,704.6
25-01-2022,514.65,1486.65,801.65,1854.65,752.2
27-01-2022,528.95,1488.05,794.65,1889.25,773.85
28-01-2022,523.45,1474.95,781.15,1898.3,764.7
31-01-2022,538.3,1463.25,788.8,1857.25,773.05
01-02-2022,532.3,1485.7,810.3,1882.3,781.9
02-02-2022,539.8,1497,813.75,1942.6,804.1
03-02-2022,540.1,1531.2,808.95,1909.05,799.55
04-02-2022,530.3,1515.35,805.05,1884.2,798.55
07-02-2022,533.25,1524,786.4,1828.45,789.6
08-02-2022,531.35,1468.15,792.5,1817.8,798.55
09-02-2022,535.25,1461.85,802.8,1835,803.85
10-02-2022,540.55,1497.6,805.5,1867.2,809.8
11-02-2022,529.6,1525.1,790.8,1828.25,803.8
14-02-2022,501.4,1518.85,753.7,1746.85,773.35
15-02-2022,524.8,1473.7,776.05,1813.1,796.95
16-02-2022,516.7,1517.8,764.05,1830.05,797.05
17-02-2022,512.95,1515.75,750.35,1817.3,782.8
18-02-2022,515.3,1506.5,748.9,1826.55,787.4
21-02-2022,511.85,1512.35,754.45,1827.1,788.85
22-02-2022,498.4,1522.1,751.3,1841.75,779.15
23-02-2022,498.7,1510.7,744.6,1886.1,777.2
24-02-2022,472.65,1500.9,707.4,1794.85,730.3
25-02-2022,482.95,1419.4,730.05,1856.7,758.05
28-02-2022,483.2,1456.1,742.7,1842.75,742.4
02-03-2022,474.25,1426.25,714.85,1806,750.25
03-03-2022,467.4,1374.25,698.3,1792.25,737.65
04-03-2022,461.95,1371,688.05,1752.15,715
07-03-2022,440.3,1366.5,653.75,1711.9,667.55
08-03-2022,440.3,1324.8,665,1723.1,670.4
09-03-2022,451.7,1327.8,667.45,1739.1,674.2
10-03-2022,468.7,1371.15,676.6,1754.35,694.95
11-03-2022,470.35,1392.7,677.9,1763,690.85
14-03-2022,485.15,1396.8,696.15,1788.75,710.05
15-03-2022,485.85,1442.55,697.35,1733.75,698.15
16-03-2022,492.75,1424,708,1760.5,723.85
17-03-2022,501.9,1448.15,720.1,1820,739.25
21-03-2022,490.6,1480.05,710.75,1777.1,725.9
22-03-2022,493.7,1486.5,718.2,1807.85,731.4
23-03-2022,490.65,1494.15,718.3,1769.75,726.75
24-03-2022,487.1,1479.25,704.2,1714.15,722.25
25-03-2022,490.7,1442.65,699.25,1722.25,721.25
28-03-2022,497.5,1430.9,710.35,1725.2,736
29-03-2022,495,1432.8,715.3,1730,737.8
30-03-2022,494.3,1451.8,730.9,1763.1,750.45
31-03-2022,493.55,1476.95,730.3,1753.85,761.15
01-04-2022,508.2,1470.35,736.25,1776.65,774.55
04-04-2022,512.4,1506,746.6,1836.05,784.1
05-04-2022,509.4,1656.8,741.8,1802.2,783.1
06-04-2022,513.95,1608.25,741.6,1779.4,773.7
07-04-2022,514.95,1550.85,748.55,1766.45,792.1
08-04-2022,516.1,1516.75,754.3,1784.5,794.9
11-04-2022,514.9,1514.65,759.6,1783.45,786.05
12-04-2022,512.85,1496.15,763.85,1801.85,798.45
13-04-2022,517.7,1493.5,762.25,1779.6,793.05
18-04-2022,509.5,1464.95,757.8,1750.4,798.85
19-04-2022,511.8,1395.45,766.3,1707.5,797.8
20-04-2022,509.3,1342.2,755.55,1721.3,794.7
21-04-2022,516.3,1354.3,762.35,1760.85,801.8
22-04-2022,500.6,1374.35,747.65,1727.75,780.6
25-04-2022,494.75,1355.6,752.2,1728.85,780.7
26-04-2022,505.5,1365.75,753.75,1742.7,775
27-04-2022,497.25,1372.05,736.7,1741.5,765.9
28-04-2022,507.5,1372.55,747.15,1765.65,779.8
29-04-2022,496.3,1371.35,743.3,1790.75,728.6
02-05-2022,491,1384.6,741,1774.35,727.35
04-05-2022,479.65,1403.7,724.25,1775.6,707.2
05-05-2022,480,1356,728.8,1797.6,702.35
06-05-2022,483.95,1352.95,719.25,1775.3,673.4
09-05-2022,475.9,1317.6,710.35,1767.5,663.7
10-05-2022,475.2,1319.85,711.3,1797.15,659.75
11-05-2022,476.55,1341.05,714.2,1809.95,672.35
12-05-2022,462.65,1348.6,695.8,1760.9,649.65
13-05-2022,444.65,1303.05,677.35,1779.55,635.95
16-05-2022,455,1291.35,683,1812.85,638.95
17-05-2022,467.3,1305.1,710,1840.3,654.95
18-05-2022,458,1314,707.35,1846.8,659.45
19-05-2022,447.5,1313.9,690.3,1783.4,650.2
20-05-2022,462.4,1287.05,709.55,1829.15,673.1
23-05-2022,460.9,1320.95,711.05,1854.3,675.35
24-05-2022,462.05,1304,708.15,1882.6,664.05
25-05-2022,454.1,1318.95,713.35,1907.55,665
26-05-2022,468.9,1328.8,728.5,1908.65,683.25
27-05-2022,468.95,1366.7,739.8,1946.2,688.3
30-05-2022,474.6,1392.05,748.5,1903.2,693.65
31-05-2022,468.1,1401.55,752.85,1846.85,685.2
01-06-2022,468.3,1388.95,752.65,1865.1,686.05
02-06-2022,469.85,1394.85,749.75,1857.65,691.55
03-06-2022,464.5,1385.1,744.3,1858.65,677.3
06-06-2022,463.7,1380.3,746.75,1869.3,672.2
07-06-2022,463.4,1378.45,735.25,1858.15,665.85
08-06-2022,471.3,1362.6,729.5,1845.5,658.6
09-06-2022,466.95,1367.4,732.75,1865.2,661.3
10-06-2022,461.85,1377.7,720,1791.8,660.7
13-06-2022,445.85,1351.1,688,1737.35,648.95
14-06-2022,448.1,1326.6,685.5,1739.7,650.75
15-06-2022,451.35,1312,687.25,1736.65,650.5
16-06-2022,441.6,1307.45,678.5,1675.8,634.9
17-06-2022,441,1281.3,686.85,1673.6,635.2
20-06-2022,434.7,1289.75,685.95,1679.2,628.3
21-06-2022,450.75,1322.15,696.1,1681.5,636.5
22-06-2022,447.65,1336.55,686.6,1669.7,626.8
23-06-2022,451.4,1330.25,699.15,1684.1,629.35
24-06-2022,454.25,1335.15,713.45,1698.4,634
27-06-2022,461.2,1353.8,717.35,1691.55,637.1
28-06-2022,464.25,1356.25,710.3,1668.8,642.35
29-06-2022,459.1,1345.9,702.75,1642.45,625.55
30-06-2022,465.9,1343.95,707.2,1661.1,636.8
01-07-2022,466.85,1348,703.9,1667.75,643.95
04-07-2022,473.45,1353.75,720.1,1670.9,654.35
05-07-2022,472.15,1355.65,719.45,1663.05,648.5
06-07-2022,479.95,1352.6,725.95,1704.5,657.95
07-07-2022,486.75,1371.25,742,1738.5,658.15
08-07-2022,488.55,1395.8,755.7,1744.75,669.15
11-07-2022,488.2,1397.1,769.5,1741.25,679.85
12-07-2022,484.95,1406.15,759.9,1718.95,676.2
13-07-2022,486.5,1391.8,753.2,1742.05,679.9
14-07-2022,479.35,1357.85,752.4,1770.05,668.25
15-07-2022,479.1,1351.05,751.2,1787.7,662.2
18-07-2022,490.3,1362.05,772,1845.65,684.5
19-07-2022,497.95,1347.55,780.65,1834.95,700.6
20-07-2022,508.6,1348.05,783.1,1827.75,705.7
21-07-2022,512.05,1365.05,786,1800.55,715.55
22-07-2022,513.7,1360.75,800.05,1827.1,730.75
25-07-2022,517.8,1392.5,800.9,1795.55,727.35
26-07-2022,514.2,1396.6,796.3,1761.6,706.45
27-07-2022,528.2,1393.75,800.5,1754.1,718.95
28-07-2022,532.45,1404.4,814.6,1828.5,725.9
29-07-2022,528.35,1416.85,818.6,1810.35,724.75
01-08-2022,533.75,1434.2,823.4,1855.75,730.8
02-08-2022,542.1,1446.15,817.75,1884.6,730.45
03-08-2022,540.85,1430.25,824.8,1851.1,730.5
04-08-2022,533.25,1433.6,820.25,1835.55,721.6
05-08-2022,531.05,1431.9,838.2,1833.9,728.5
08-08-2022,520.4,1427.05,836.95,1844.5,745.55
10-08-2022,514.7,1462.05,848.75,1828.35,739
11-08-2022,524.75,1466.3,859.7,1853.5,758.85
12-08-2022,530.7,1485.7,874.4,1841.2,760.55
16-08-2022,525.95,1485.15,879.25,1846.35,764.65
17-08-2022,528.15,1502.15,883.25,1839.7,772.1
18-08-2022,532.35,1509.9,885.1,1904.5,765.05
19-08-2022,520.35,1511.7,870.4,1877,757.5
22-08-2022,511.3,1493.05,852.25,1832.05,741.85
23-08-2022,521.9,1470.35,863.9,1855.75,747.05
24-08-2022,519.3,1465.8,873.3,1867.6,750.15
25-08-2022,520.4,1472.85,872.35,1868.75,743.35
26-08-2022,523.8,1464.85,870.85,1902.05,744.9
29-08-2022,514.85,1465.1,855.85,1850,728.7
30-08-2022,531.25,1439.4,887.3,1915.45,751.5
01-09-2022,533.3,1486.1,874.35,1902.85,744.15
02-09-2022,536.7,1472.15,872.4,1918.85,750.2
05-09-2022,538.9,1485.5,882.45,1937.9,756.1
06-09-2022,537.8,1495.05,883.65,1915.7,750
07-09-2022,532.85,1489.35,876.2,1908.25,755.4
08-09-2022,544.65,1482.3,898.8,1930.05,779.75
09-09-2022,553.35,1497.6,901.25,1926.35,784.85
12-09-2022,554.9,1498.6,901.25,1923.4,805.55
13-09-2022,558,1513.1,910,1954.7,803.05
14-09-2022,571.75,1528.65,918.1,1934.15,790
15-09-2022,572.15,1520.7,917.6,1930.3,789.3
16-09-2022,561.8,1492.75,909.1,1929.5,798.1
19-09-2022,572.25,1502.6,899.2,1939.75,812.75
20-09-2022,574.05,1520.7,916.75,1918.5,806.55
21-09-2022,569.7,1518.35,915.25,1892.75,789.2
22-09-2022,567.3,1486,903.4,1862.7,768.6
23-09-2022,550.6,1446.15,882.25,1829,742.6
26-09-2022,543.3,1426.65,861.05,1799.3,737.5
27-09-2022,536.5,1413.85,852.55,1792.6,716.45
28-09-2022,524.85,1389.55,849.5,1765.3,719
29-09-2022,521.75,1382.35,843.9,1819.2,733.2
30-09-2022,530.6,1421.35,862,1783.9,722.75
03-10-2022,519.75,1413.2,848.35,1822.25,742.8
04-10-2022,532.7,1453,867.65,1818.9,755.1
06-10-2022,537.3,1437,885.45,1825.4,755.7
07-10-2022,530.2,1430.8,882.55,1808.25,776.85
10-10-2022,530.75,1415,881.75,1787.9,785.55
11-10-2022,527.4,1400.65,870.6,1810.2,808.7
12-10-2022,533.8,1409.8,868.35,1801.5,802
13-10-2022,521.45,1393.6,853.6,1834,800.5
14-10-2022,527.2,1439,870.25,1858.15,814.15
17-10-2022,543.65,1446.55,885.2,1859.7,816.35
18-10-2022,562.45,1443.85,896.9,1869.35,829.85
19-10-2022,553.4,1458.65,892.1,1863.55,825.85
20-10-2022,555.4,1448.8,888.65,1902.65,900.4
21-10-2022,560.85,1438.6,907.15,1846.6,902.85
25-10-2022,578.55,1450.9,925.05,1865,915.15
27-10-2022,579.65,1454.4,924.4,1884.25,903.05
28-10-2022,570.75,1458.7,907.85,1901.95,906
31-10-2022,573.8,1496.7,908.7,1909.2,871.75
01-11-2022,576.9,1513.25,908.6,1909.95,863.55
02-11-2022,573.85,1514.2,904.7,1900.15,864.05
03-11-2022,584.9,1507.55,908.65,1899.95,868.1
04-11-2022,593.95,1497.15,905.3,1882.6,872.95
07-11-2022,614.15,1508.8,917.5,1893.4,873.7
09-11-2022,615.55,1508.35,910.5,1912.15,843.7
10-11-2022,605.75,1524.75,910.7,1899.1,850.7
11-11-2022,601.3,1611.15,906.55,1922.8,851
14-11-2022,592.55,1615.05,894.95,1912.4,858.65
15-11-2022,600.85,1619,911.7,1965.9,855.4
16-11-2022,599.75,1632.9,913.6,1950.55,858.2
17-11-2022,599.05,1618.15,919.8,1959.55,859.2
18-11-2022,602.7,1613.9,920.35,1944.1,870.05
21-11-2022,598.1,1597.35,921.4,1939.75,870.05
22-11-2022,599.1,1595,923.7,1953.35,874.7
23-11-2022,607.65,1599.15,927.45,1944.85,878.55
24-11-2022,609.35,1625.15,938.85,1928.4,887.75
25-11-2022,607.4,1617.65,930.3,1928.15,891.7
28-11-2022,608.6,1600.25,937.4,1925.55,892.55
29-11-2022,608.55,1597.85,946.75,1947.05,901.25
30-11-2022,602.45,1608.45,952.9,1934.3,903.85
01-12-2022,608.1,1619.5,940.2,1930.8,905.15
02-12-2022,607.55,1607.1,930.6,1938.45,899.2
05-12-2022,617.3,1612.95,933.6,1935.25,904.65
06-12-2022,608.95,1611.15,922.65,1911.45,914.65
07-12-2022,607.05,1610.45,922.15,1897,939.35
08-12-2022,611.65,1619.5,931.9,1888.05,933.7
09-12-2022,616.5,1631.05,929.9,1865.75,938.65
12-12-2022,613.05,1643.75,930.3,1868.5,944.6
13-12-2022,616.75,1648.3,932.95,1873.2,942.4
14-12-2022,625.5,1662.25,921.75,1863.2,938.15
15-12-2022,615.95,1631.8,908.8,1840.55,935.1
16-12-2022,603.35,1639.65,902,1858.15,946.2
19-12-2022,604.45,1644.75,906.45,1847.1,949.75
20-12-2022,604.45,1633.4,909.7,1814.6,932.3
21-12-2022,593.4,1617.6,892.25,1826.05,919.55
22-12-2022,593.4,1612.05,890.65,1821.95,906.6
23-12-2022,574,1597.65,878.9,1813.55,928.7
26-12-2022,597.1,1629.45,893.2,1820.9,932.2
27-12-2022,601.9,1631.1,900.65,1820.1,924.7
28-12-2022,601.05,1629.8,898.95,1818.75,934.55
29-12-2022,611.8,1641.3,908.05,1827.25,933.75
30-12-2022,613.7,1628.15,890.85,1825.05,941.6
02-01-2023,612.2,1628.7,902.45,1832.85,962.3
03-01-2023,612.4,1639.35,901.35,1820.75,957.45
04-01-2023,605.2,1610.05,899.1,1820.3,949.55
05-01-2023,605.1,1599.7,879.15,1786.8,939.9
06-01-2023,600.65,1594.4,870.1,1811.9,958.75
09-01-2023,607.7,1597.5,873.35,1795.55,952.15
10-01-2023,595.15,1568.3,861.35,1801.85,949.75
11-01-2023,596.7,1590.9,866.3,1779.5,935.55
12-01-2023,594.9,1599.4,860.65,1780.3,934.15
13-01-2023,600.1,1600.65,873.45,1784.8,913.15
16-01-2023,603,1585.3,865.25,1797.65,917.7
17-01-2023,592.95,1608.9,865.15,1799.1,924
18-01-2023,591.45,1637.3,869.5,1767.3,928.7
19-01-2023,589.85,1644.1,866.15,1762.9,930.55
20-01-2023,592.2,1660.95,870.35,1783.75,932.7
23-01-2023,600.45,1673.1,871.7,1760.25,910.2
24-01-2023,594.35,1695.5,870.75,1749.8,892.35
25-01-2023,568.7,1648.65,855.3,1713.1,873.75
27-01-2023,539.95,1615.8,817.2,1726.25,871.85
30-01-2023,538.2,1614.15,823.5,1731,871.6
31-01-2023,553.5,1603.5,831.9,1744.7,857.25
01-02-2023,527.35,1627.55,847.95,1761.75,868.45
02-02-2023,528.1,1603.35,857.9,1780.3,882.6
03-02-2023,544.2,1658.8,863.8,1747,882.65
06-02-2023,545.4,1651.75,853.7,1775.4,879.1
07-02-2023,547.1,1654.2,852.75,1765.5,871.75
08-02-2023,549.75,1654,859.1,1770.9,867.7
09-02-2023,550.8,1650.55,860.8,1772.05,867.25
10-02-2023,553.05,1657.1,853.85,1773.8,859.1
13-02-2023,537.5,1658.35,850.65,1770.35,870.75
14-02-2023,540.85,1673.7,865.3,1785.5,868.3
15-02-2023,542.25,1670.3,870.8,1787.95,864.75
16-02-2023,540.1,1664.25,869.45,1759.25,854.9
17-02-2023,531,1655.9,862.65,1737.3,846.75
20-02-2023,525.15,1640.35,852.1,1730.2,844.05
21-02-2023,523.45,1646.5,854.2,1700.55,833.35
22-02-2023,516.35,1614.2,839.25,1707.15,844.35
23-02-2023,521,1603.25,839.75,1697.3,851.4
24-02-2023,521.05,1588.95,839.7,1725.95,854.35
27-02-2023,527.7,1592.9,856.4,1729.25,844.1
28-02-2023,522.8,1599.6,854.85,1744.9,865.15
01-03-2023,536.7,1598.05,856.3,1721.7,845.45
02-03-2023,533.75,1584.45,854,1751,852.65
03-03-2023,561.2,1615.9,868.55,1751,859.5
06-03-2023,561.7,1627.3,867.75,1740.2,860.95
08-03-2023,564.8,1630.55,872.1,1716.7,867.8
09-03-2023,558.9,1630.7,855.95,1699.3,851.9
10-03-2023,547.35,1588.65,842.65,1673.9,832.35
13-03-2023,530,1568.55,828.4,1648.25,832.85
14-03-2023,525.4,1564.35,830.35,1665.95,824.05
15-03-2023,517.55,1541.9,825.9,1663.55,830.55
16-03-2023,524.5,1551.9,823.9,1693.1,837.4
17-03-2023,529.8,1572.65,836.25,1699.65,837.55
20-03-2023,519.2,1561.75,836.45,1706.85,855.6
21-03-2023,521.85,1579.45,852.4,1705.15,849.65
22-03-2023,521.55,1575.8,860.2,1679.7,848.8
23-03-2023,512.75,1563.15,855.45,1692.15,839.9
24-03-2023,505.35,1560.65,852.4,1705.2,833.35
27-03-2023,510.15,1567.45,848.7,1698.9,832.45
28-03-2023,508.1,1580.2,854.75,1721.05,842.6
29-03-2023,516.5,1587.8,851,1732.85,858.5
31-03-2023,523.75,1609.55,877.25,1745.7,864.6
03-04-2023,526.75,1610.55,883.8,1751.9,860.5
05-04-2023,523,1653.75,884.6,1757.1,851.95
06-04-2023,527.65,1666.35,875,1759.3,847.35
10-04-2023,526.3,1658.45,868.45,1846.5,853.3
11-04-2023,532.1,1663.3,881.9,1844.05,851.05
12-04-2023,528.2,1684.9,890.15,1869.5,864.35
13-04-2023,532.95,1692.45,899,1895.15,864.55
17-04-2023,544,1666.65,901.3,1888.3,863.35
18-04-2023,545.85,1659.6,896.85,1884.9,873.4
19-04-2023,540.3,1665.7,891.9,1884,868.75
20-04-2023,544.8,1671.9,894.4,1893.65,864.2
21-04-2023,543.15,1674.6,885.65,1897.25,882.3
24-04-2023,554.6,1688.15,904.75,1889.3,878.35
25-04-2023,561.8,1664.15,913.45,1878.6,887.65
26-04-2023,566.35,1671.8,914.95,1908.6,881.4
27-04-2023,564.75,1681,918.35,1938.05,860
28-04-2023,578.3,1687.6,917.65,1921.15,870.65
02-05-2023,575.3,1687.25,922.1,1930.95,859.85
03-05-2023,570.5,1693.15,922.85,1947.6,865.95
04-05-2023,580,1727.8,921.7,1928.7,865.3
05-05-2023,576.5,1625.65,926.95,1958.85,878.45
08-05-2023,583.6,1644.45,937.9,1954.3,888.25
09-05-2023,573.5,1644.5,934.4,1958.7,889.9
10-05-2023,572.2,1652.1,936.05,1957.95,895.95
11-05-2023,573.45,1653.2,939.2,1960.6,910.65
12-05-2023,578.15,1667.8,943.9,1973,915.8
15-05-2023,581.9,1675.8,945.75,1947.05,917.8
16-05-2023,586.3,1647.3,946.35,1909.15,914.8
17-05-2023,586.3,1638.45,939.35,1927.4,914.7
18-05-2023,574.2,1645,946.5,1941.65,924.05
19-05-2023,575.15,1646.9,954.3,1940.2,917.55
22-05-2023,577.15,1641.05,950.35,1921.5,916.15
23-05-2023,581.6,1637.2,953.4,1910.35,917.7
24-05-2023,582.7,1615.8,940.65,1929.95,921.05
25-05-2023,581.25,1609.6,939.85,1945.05,926.95
26-05-2023,586,1615.8,950.7,1953.2,929.8
29-05-2023,595,1635.5,948.15,1974.7,937.45
30-05-2023,592.8,1636.75,949.95,2014.35,914.85
31-05-2023,579.85,1610.85,949.15,1930.05,919.7
01-06-2023,582.75,1604,936.1,1938.75,926.1
02-06-2023,587.2,1606.5,938.15,1924.9,950.85
05-06-2023,587.2,1604.4,946.75,1959.05,968.2
06-06-2023,585.35,1599.4,942.1,1939.4,976.75
07-06-2023,589.2,1607.7,940.2,1886.5,962.1
08-06-2023,588.5,1608.7,937.9,1872,974.75
09-06-2023,578.7,1610.6,938.05,1879.45,974.2
12-06-2023,578.65,1600.8,935.95,1855.95,985.85
13-06-2023,576.4,1603.5,943.55,1864.65,977.7
14-06-2023,576.55,1601.75,939.8,1833.5,977.15
15-06-2023,566.5,1582.05,926.6,1857.4,981.55
16-06-2023,571.25,1602.75,934.2,1824.55,965.65
19-06-2023,568.85,1604.15,923.15,1844,974.85
20-06-2023,567.4,1607.5,925.55,1845.55,966
21-06-2023,566.35,1635.6,924.7,1836.1,966.6
22-06-2023,562.95,1643.6,925.75,1828.55,958.4
23-06-2023,554.6,1643.5,923.5,1822.95,960.55
26-06-2023,557.05,1635.55,927.45,1844.7,973.25
27-06-2023,566.1,1658.6,936.1,1840.55,978.2
28-06-2023,569.8,1676.15,937.45,1846.55,987.45
30-06-2023,572.85,1701.4,934.6,1843.95,982.1
03-07-2023,585.45,1719.8,942.55,1861.7,970.7
04-07-2023,589.25,1728.2,944.7,1864.85,966.5
05-07-2023,590.6,1673.3,958,1877.3,980.95
06-07-2023,592.5,1675,959.4,1853.5,976.7
07-07-2023,593.6,1660.4,946.4,1866.9,964.05
10-07-2023,592.6,1656.45,948.4,1866.6,953.2
11-07-2023,588.55,1648.4,944.95,1878.1,950
12-07-2023,589.25,1632.95,944.4,1869.7,960.15
13-07-2023,585.65,1641.1,955.7,1869,957.05
14-07-2023,584.4,1644.5,960.05,1897.05,964.85
17-07-2023,601.1,1678.9,968.7,1890.85,963.65
18-07-2023,592.35,1677.5,975.45,1906.6,964.3
19-07-2023,601.45,1685.1,973.45,1956.9,977.9
20-07-2023,610.05,1688.75,995.6,1970.2,971.3
21-07-2023,615.1,1675.75,997,1897.25,971.5
24-07-2023,617.65,1678.4,992,1875.5,962.5
25-07-2023,609.6,1696.6,994.7,1895.3,976.8
26-07-2023,615.15,1690.7,996.45,1873.75,959.9
27-07-2023,616.55,1673.15,990.25,1876.85,949.95
28-07-2023,616.05,1643.5,996.2,1856.55,953.9
31-07-2023,620.2,1651.2,998.3,1850,959.9
01-08-2023,611.85,1662.25,994.55,1823.7,945.25
02-08-2023,598.45,1640.5,986.95,1823.25,935.55
03-08-2023,590.5,1628.65,965,1838.5,952.25
04-08-2023,573.3,1652.2,970.5,1831.55,947.4
07-08-2023,567.9,1651.25,975.65,1828,952.9
08-08-2023,573.1,1649.9,979.9,1831.5,950
09-08-2023,573.75,1650.5,972.7,1800.85,939.75
10-08-2023,573.65,1635.85,964.1,1791.45,937.2
11-08-2023,574.15,1618.8,952.85,1794.1,939.95
14-08-2023,560.8,1610.9,959.55,1786.2,933.05
16-08-2023,565.35,1606.2,956.5,1765.7,936.55
17-08-2023,572.15,1597.3,951.65,1750.8,943.05
18-08-2023,572.95,1590.75,950.65,1760.35,952.6
21-08-2023,571.7,1589.5,955.2,1763.1,957.05
22-08-2023,568.5,1582.7,952,1780.05,979.25
23-08-2023,576.9,1586.6,966.85,1780.95,981.35
24-08-2023,576.95,1579.3,968.95,1778.85,983.1
25-08-2023,569.95,1561.5,970.4,1790.35,990.2
28-08-2023,572.85,1577.75,970.55,1783.1,980.7
29-08-2023,574.85,1590.3,967.75,1774.9,983.35
30-08-2023,567.4,1578.7,958.9,1758.75,973.5
31-08-2023,561.35,1571.45,958.75,1771.1,991.15
01-09-2023,569.55,1574.7,968.7,1762.2,982.25
04-09-2023,575.55,1584.55,967.35,1771.05,981.45
05-09-2023,573,1574.9,968.4,1770.3,965.05
06-09-2023,570.5,1595.5,957.5,1789,978.2
07-09-2023,579.05,1610.85,965.65,1793.2,980.3
08-09-2023,583.45,1623.4,970.55,1807.9,1000.4
11-09-2023,591.7,1631.8,978.25,1811.2,1000.9
12-09-2023,588.35,1636.9,990.5,1824.6,1014.45
13-09-2023,596.45,1643.9,989.8,1821.55,1020.9
14-09-2023,597.3,1642.9,987.7,1813.9,1027.15
15-09-2023,598.8,1661.75,992.45,1798.35,1024.75
18-09-2023,603.95,1629.05,990.2,1789.45,1027.3
20-09-2023,601.1,1563.7,987.15,1755.7,1014.45
21-09-2023,588.15,1553.35,959.3,1756.45,1018.25
22-09-2023,598.15,1529.65,950.3,1784.4,1018.95
25-09-2023,594.05,1531,956.35,1764.1,1014.15
26-09-2023,594.4,1537.65,948.7,1765.15,1025.2
27-09-2023,589.75,1526.85,943.1,1733.2,1030.9
28-09-2023,589.95,1523.7,942.6,1735.7,1036.7
29-09-2023,598.55,1526.3,951.9,1727.05,1041.05
03-10-2023,602.95,1508.05,940.3,1722.05,995.55
04-10-2023,586.25,1529.55,930.05,1734.25,1003.25
05-10-2023,592.15,1535.75,940.85,1743.9,1000.95
06-10-2023,594.25,1534.05,945.2,1719.3,996.25
09-10-2023,585.1,1516.25,938.6,1756.1,1012.25
10-10-2023,591.65,1524.85,951.2,1771.4,1019.1
11-10-2023,588.35,1539.6,953.1,1763.85,1018.45
12-10-2023,586.05,1549.85,954.25,1762,994.05
13-10-2023,576.15,1535.75,951.3,1749.75,1004.8
16-10-2023,575.65,1529.6,951.4,1771.55,1008.05
17-10-2023,576.45,1541.2,953.9,1753.4,992.85
18-10-2023,572.65,1519.75,943.75,1738.45,991.4
19-10-2023,571.2,1514.95,935.75,1769.6,980.35
20-10-2023,563.1,1522.8,932.75,1740.75,964.3
23-10-2023,552.95,1506.05,929.95,1728.05,955.45
25-10-2023,556.2,1496.5,916.1,1694.85,972.05
26-10-2023,547,1463.4,908.65,1702.7,1002.75
27-10-2023,561.15,1469.15,912.75,1717.5,989.2
30-10-2023,565.2,1485.1,924.9,1739.4,981.85
31-10-2023,565.55,1476.5,915.35,1724.4,971.8
01-11-2023,566.4,1474.5,914.05,1737.7,982.95
02-11-2023,572.1,1476.75,919.95,1733.25,988.85
03-11-2023,578.15,1483.75,933.8,1740.2,1009.4
06-11-2023,574.35,1494.5,945.45,1751.25,1020.9
07-11-2023,579.75,1487.25,948.1,1746.25,1021.7
08-11-2023,580.3,1491.55,935.75,1744.95,1021.9
09-11-2023,578.35,1485.65,937.35,1745.45,1029.2
10-11-2023,579.5,1491.5,938.6,1748.2,1025.35
13-11-2023,581.35,1488.8,934.45,1769.5,1041.35
15-11-2023,584.7,1504.4,941.1,1772.85,1026.35
16-11-2023,584.65,1508.35,936,1764.6,994.35
17-11-2023,563.05,1505.1,921.85,1770.55,988.7
20-11-2023,563.75,1505.2,921.45,1767.2,991.8
21-11-2023,561.5,1517.95,926.1,1745.65,998.1
22-11-2023,558.95,1512.55,922.75,1739.3,999.05
23-11-2023,559.95,1521.3,923,1744,1008.5
24-11-2023,560.35,1532.1,929.4,1742.25,1021.15
28-11-2023,564.45,1528.65,925.5,1753.45,1060.15
29-11-2023,568.6,1559.15,939.6,1755.45,1074.25
30-11-2023,564.75,1558.8,934.95,1750.5,1104.65
01-12-2023,571.75,1555.4,946.7,1818.55,1125.6
04-12-2023,594.7,1609.4,991.2,1828.45,1132.45
05-12-2023,608.25,1623.7,1013.45,1821.4,1120.5
06-12-2023,608.45,1627.8,1003.25,1826.85,1117.85
07-12-2023,611.7,1630.45,999,1838.45,1131.2
08-12-2023,614.15,1653.2,1010.85,1844.05,1116.5
11-12-2023,614.25,1651,1017.1,1824.35,1131
12-12-2023,612.4,1634.6,1015.7,1826.2,1114.85
13-12-2023,619.85,1630.9,1013.9,1853.85,1120.45
14-12-2023,623.65,1650.15,1033.65,1850.6,1120.35
15-12-2023,648.25,1656.55,1037.4,1846.95,1111.35
18-12-2023,648.5,1655.7,1021.45,1846.55,1120.25
19-12-2023,655.4,1652.9,1015.45,1826.5,1110.25
20-12-2023,636.45,1657,1006.65,1852.7,1095.4
21-12-2023,643.75,1686.7,1004.4,1860.5,1088.3
22-12-2023,636.75,1670.85,994.3,1886.85,1094.25
26-12-2023,638.05,1682.45,995.1,1902.35,1106.35
27-12-2023,648.55,1703.3,1002.25,1921.35,1107.85
28-12-2023,651.4,1705.25,1005.9,1908.1,1102.3
29-12-2023,642.05,1709.25,996.6,1909.15,1097.7
01-01-2024,641.35,1698.1,999.4,1865.05,1093.25
02-01-2024,639.45,1699.1,982.25,1865.9,1098.6
03-01-2024,643.45,1672.9,984.05,1863.6,1123.4
04-01-2024,642.75,1690.85,987.15,1847.6,1136.95
05-01-2024,641.95,1682.2,993.7,1826.1,1122
08-01-2024,627,1663.45,982,1826.65,1116.55
09-01-2024,625.4,1650.5,979.75,1820.8,1107
10-01-2024,621.75,1655.95,993.05,1822.85,1125.75
11-01-2024,620.2,1649,991.15,1833.25,1120.35
12-01-2024,633.6,1641.2,1003.5,1851.5,1119.5
15-01-2024,640.1,1672.8,1009.85,1848,1119.1
16-01-2024,636.9,1679.15,1009.05,1779.65,1082.3
17-01-2024,626,1537.5,981.75,1777.25,1097.5
18-01-2024,628.3,1486.15,986.35,1764.3,1116.55
19-01-2024,627.75,1470.65,999.2,1784.5,1089.25
23-01-2024,605.1,1427.35,1029.05,1788.6,1059.15
24-01-2024,618.3,1455.9,999.2,1768.4,1042.25
25-01-2024,612.75,1434.9,1009.95,1822.9,1061.25
29-01-2024,622.95,1454.65,1016.4,1823.6,1054.1
30-01-2024,626.75,1444.3,1016.9,1825.25,1067.75
31-01-2024,640.5,1462.55,1028.15,1822.75,1084.25
01-02-2024,647.65,1466.35,1025.15,1822.95,1067.05
02-02-2024,649.65,1446.15,1024,1808.35,1061.5
05-02-2024,642.95,1444.85,1023.5,1787,1050.05
06-02-2024,650.25,1444.1,1026.4,1792.6,1069.1
07-02-2024,675.25,1429.95,1022.15,1729.7,1035.9
08-02-2024,699.55,1403.05,989.3,1742.45,1051.4
09-02-2024,725.25,1403.6,1010.7,1709.55,1046.7
12-02-2024,707.9,1390,996.1,1737.15,1070.75
13-02-2024,713.45,1394.45,1019.8,1748.95,1096.85
14-02-2024,743.4,1384.05,1022.7,1739.25,1072.2
15-02-2024,761.7,1414.05,1016.65,1735.25,1068.75
16-02-2024,754.7,1419.9,1023.25,1731.4,1062.95
19-02-2024,759.25,1417.1,1043.75,1762.5,1088.6
20-02-2024,760.1,1454.3,1048.75,1746.1,1084.2
21-02-2024,771.5,1439.15,1051.95,1724.75,1100.9
22-02-2024,765.9,1419.55,1062.7,1724,1096.8
23-02-2024,759.05,1420.6,1061.3,1706.3,1085.2
26-02-2024,758.9,1422.3,1054.2,1706.75,1079.05
27-02-2024,749.85,1420.15,1060.2,1683.6,1074.2
28-02-2024,742.5,1409.4,1046.2,1689.45,1075.1
29-02-2024,748.1,1403.4,1052.2,1727.7,1099.25
01-03-2024,769.15,1430.75,1086.9,1727.2,1106.75
04-03-2024,772.05,1432.7,1092.35,1715.7,1100.8
05-03-2024,783.95,1440.85,1088.05,1759.75,1125
06-03-2024,783.9,1442.6,1097.1,1748.05,1111.45
07-03-2024,788.05,1446.1,1087.95,1729.65,1105.1
11-03-2024,773.7,1427.8,1078.7,1720.35,1097
12-03-2024,759.7,1459.55,1076.85,1729.55,1080.4
13-03-2024,747.25,1460.4,1083.95,1742.4,1058.25
14-03-2024,741.05,1455.45,1083.6,1738.3,1046.4
15-03-2024,731.9,1452.65,1080.35,1737.9,1061.35
18-03-2024,730.95,1446.05,1081.2,1749.65,1050.8
19-03-2024,723.8,1449.35,1083.95,1765.4,1034.75
20-03-2024,736.25,1431.05,1084.5,1772.15,1035.6
21-03-2024,744.3,1445.75,1081.8,1776.4,1033.3
22-03-2024,746.7,1442.85,1090.3,1753.7,1040.55
26-03-2024,740.05,1425.4,1083.7,1775.6,1052.85
27-03-2024,733.3,1440.7,1083.75,1785.5,1047.2
28-03-2024,752.35,1447.9,1093.3,1790.7,1053.1
01-04-2024,758.3,1470.5,1099.65,1757.4,1047.2
02-04-2024,766.4,1480.15,1081.2,1731.15,1063.25
03-04-2024,771.05,1482.3,1077.2,1749.15,1062.95
04-04-2024,759.3,1527.6,1078.85,1785.15,1059.1
05-04-2024,764.75,1549.55,1083.4,1788.4,1076.05
08-04-2024,768.3,1546.6,1087.15,1780.6,1080
09-04-2024,764.2,1548.55,1107.05,1825.95,1087.8
10-04-2024,779.05,1536.35,1109.4,1813.05,1073.45
12-04-2024,766.3,1518.95,1104.4,1798.15,1057.95
15-04-2024,757.5,1494.7,1078.35,1792.6,1051.9
16-04-2024,751.7,1509.25,1067.05,1786.75,1024
18-04-2024,744.8,1494.7,1055.45,1792.65,1029.1
19-04-2024,750.45,1531.3,1067.25,1809.95,1053.95
22-04-2024,766.1,1512.2,1086.65,1813.05,1055.75
23-04-2024,773,1507.6,1090.25,1842.8,1063.25
24-04-2024,773.1,1511.7,1096.75,1642.45,1127
25-04-2024,812.7,1510.75,1113.75,1608.5,1130.3
26-04-2024,801.3,1509.8,1107.9,1640.4,1159.25
29-04-2024,826.5,1529.5,1160.15,1623.95,1165.9
30-04-2024,826.25,1520.1,1150.4,1575.65,1149.85
02-05-2024,830.05,1532.25,1139.45,1546.7,1141.5
03-05-2024,831.45,1519.6,1142.05,1624.3,1143.65
06-05-2024,807.8,1522.65,1146.3,1643.9,1127.7
07-05-2024,801.9,1506.15,1131.9,1648.35,1128.65
08-05-2024,810.8,1482.65,1123,1643.1,1115.65
09-05-2024,819.8,1447.5,1115.7,1627.95,1120.1
10-05-2024,817.35,1437.9,1117.05,1641.2,1132
13-05-2024,808.8,1455.25,1128,1646.3,1122.85
14-05-2024,818.2,1460.95,1120.55,1650.8,1128.05
15-05-2024,820.3,1438.5,1124.35,1672.05,1139.3
16-05-2024,811.95,1460.25,1131.05,1696.55,1141.35
17-05-2024,817.85,1464.1,1130.5,1698.25,1137.65
21-05-2024,830.65,1458.8,1120.95,1699.55,1126
22-05-2024,818.75,1459.2,1111.1,1709.05,1165.25
23-05-2024,832.1,1492.6,1134.5,1703.45,1174
24-05-2024,828.6,1517.2,1131.95,1711,1187
27-05-2024,833.7,1527.7,1129.8,1703.65,1183.4
28-05-2024,831.15,1530.5,1126.95,1687.85,1159.75
29-05-2024,822.65,1508.3,1102,1690.1,1167.95
30-05-2024,825.85,1514.85,1113.7,1680.4,1162.15
31-05-2024,830.35,1531.55,1121.05,1718.05,1223.9
03-06-2024,905.65,1572.2,1160,1637.95,1131.25
04-06-2024,775.2,1483.15,1071.45,1718.1,1184.5
05-06-2024,789.75,1551.8,1108.65,1734.7,1170.95
06-06-2024,816.95,1559.7,1110.4,1753.7,1186.8
07-06-2024,829.95,1573.35,1121.7,1745.65,1200
10-06-2024,831.8,1561.3,1123.8,1720,1194.6
11-06-2024,835.55,1564.8,1118.2,1715.75,1187.9
12-06-2024,839.1,1574.15,1119.55,1726.35,1174.65
13-06-2024,843.9,1580.75,1107.35,1717.2,1181.05
14-06-2024,839.2,1596.9,1105.65,1719.4,1191.9
18-06-2024,844.9,1607.8,1122.85,1746.7,1226.65
19-06-2024,852.6,1657.85,1144.45,1766.25,1239.5
20-06-2024,843.75,1669.35,1156.8,1775.65,1237.45
21-06-2024,836.3,1665.75,1158.65,1772.55,1228.1
24-06-2024,832.7,1672.4,1170.1,1781.9,1271.45
25-06-2024,842.25,1711.35,1197.95,1798.15,1285.4
26-06-2024,845.35,1701.5,1218,1830.55,1288.95
27-06-2024,844,1696.15,1219.9,1802.5,1265.25
28-06-2024,848.95,1683.8,1199.6,1808.1,1261.9
01-07-2024,841.95,1705.2,1211.85,1769.6,1253.4
02-07-2024,826.15,1730.6,1190.6,1810.7,1280
03-07-2024,839.95,1768.65,1201.6,1833.85,1280.9
04-07-2024,839.3,1727.15,1233,1852.7,1287.05
05-07-2024,859.75,1648.1,1233.4,1853.2,1287.85
08-07-2024,856.25,1635.35,1235.05,1847.85,1289.4
09-07-2024,861.3,1636.5,1248.25,1829.85,1291.65
10-07-2024,849,1626.1,1243.2,1844.5,1296.75
11-07-2024,856.7,1621.9,1238.45,1832.85,1317.3
12-07-2024,859.7,1622.7,1232.9,1843.55,1307.45
15-07-2024,881.35,1622.1,1229.95,1805.3,1304
16-07-2024,880.7,1619.75,1239.9,1826.75,1309.4
18-07-2024,893.55,1614.8,1250.3,1821.6,1292.35
19-07-2024,889.35,1607.3,1248.65,1757.55,1282.5
22-07-2024,876.8,1642.55,1241.15,1768.9,1263.25
23-07-2024,863.9,1618.4,1226.75,1746.2,1239.25
24-07-2024,852,1604.05,1223,1775.15,1175.9
25-07-2024,848.5,1616.6,1197.9,1813.85,1177.35
26-07-2024,862.45,1618.15,1207.2,1793.9,1170.05
29-07-2024,871.6,1605.05,1212.7,1786.1,1170
30-07-2024,872.8,1615.55,1209.45,1807.9,1166.1
31-07-2024,872.4,1615.75,1214.9,1792.65,1172.3
01-08-2024,862.65,1638.8,1210.1,1803.45,1160.85
02-08-2024,847.85,1659.15,1196.55,1773.65,1133.5
05-08-2024,811.65,1615.75,1172.6,1770.55,1126.1
06-08-2024,797.7,1601.2,1166.85,1776.55,1136.8
07-08-2024,808.65,1623.5,1172.45,1772.75,1138.15
08-08-2024,808.05,1642.7,1164.6,1769.65,1142.75
09-08-2024,824.3,1650.2,1171.6,1772.55,1164.3
12-08-2024,812.6,1660.1,1172.8,1752.05,1159.6
13-08-2024,797.55,1603.2,1168.35,1747.9,1153.1
14-08-2024,803,1607.8,1161.65,1777.3,1166.85
16-08-2024,812.1,1632.1,1187.25,1781.35,1153.25
19-08-2024,813.7,1631.55,1175.9,1805.65,1168
20-08-2024,820.3,1637.7,1179.45,1812.95,1174.4
21-08-2024,815.55,1625.8,1174.85,1821.5,1169.95
22-08-2024,820.3,1631.3,1191.1,1818,1165.95
23-08-2024,815.35,1625.05,1203.5,1812.5,1170.3
26-08-2024,815.05,1639.95,1213.3,1803.35,1181.25
27-08-2024,815.9,1637.75,1226.35,1791.3,1170.95
28-08-2024,809.4,1637.1,1223.85,1777.25,1175.4
29-08-2024,814.5,1638.55,1221.9,1780.8,1175.25
30-08-2024,815.6,1636.9,1229.2,1780.25,1188.8
02-09-2024,822.15,1626.95,1229.95,1783.8,1191.6
03-09-2024,824.8,1637.35,1247.7,1783.8,1177.7
04-09-2024,816.5,1641.8,1236.35,1777.95,1180.55
05-09-2024,818.75,1645.45,1235.95,1764.15,1158.75
06-09-2024,782.5,1636.95,1208.15,1790.15,1170.85
09-09-2024,784.25,1646.5,1235,1791.6,1187.2
10-09-2024,782.65,1650.35,1237.3,1789.25,1186.1
11-09-2024,768.6,1643.9,1236.35,1827.45,1203.35
12-09-2024,787.75,1666.6,1252.15,1820.35,1217.45
13-09-2024,790.85,1665.95,1250.35,1831.3,1231.05
16-09-2024,785.55,1670.95,1262.85,1846.65,1232.1
17-09-2024,782.9,1668.8,1268.1,1839.7,1240.45
18-09-2024,792.75,1694.8,1288.35,1871.95,1242.7
19-09-2024,789.95,1708.5,1292,1904.5,1245
20-09-2024,781.7,1741.2,1338.45,1934.7,1246.8
23-09-2024,801.85,1759.8,1321.9,1914.7,1239.55
24-09-2024,798.25,1768.05,1318.6,1897.95,1268.1
25-09-2024,793.1,1779.1,1323.85,1902.3,1277.1
26-09-2024,801.85,1783.45,1329.05,1872.45,1273.15
27-09-2024,802.65,1752.65,1306.6,1853.95,1232.2
30-09-2024,787.9,1732.05,1273,1879.4,1226.65
01-10-2024,796.95,1726.2,1274.4,1822.8,1175.7
03-10-2024,794.1,1682,1256.35,1809,1178.4
04-10-2024,796.65,1657.65,1239.75,1790.25,1145.7
07-10-2024,770.65,1617.8,1233.9,1803.4,1153.3
08-10-2024,781.45,1651.05,1236.6,1800.8,1170.15
09-10-2024,797.4,1633.15,1244.15,1876.1,1184.25
10-10-2024,797.1,1662.4,1243.5,1882.4,1172.45
11-10-2024,799.75,1651,1223,1910.8,1164.35
14-10-2024,805.15,1688.1,1231.75,1895.2,1153.85
15-10-2024,804.65,1684.1,1255.5,1876.35,1153.2
16-10-2024,805.45,1699.8,1243.15,1864.05,1131.85
17-10-2024,811.05,1673.15,1231.25,1871.05,1196.85
18-10-2024,820.4,1681.85,1264.5,1789.2,1190.3
21-10-2024,813.95,1728.7,1259.05,1763.15,1175.75
22-10-2024,790.4,1714.55,1267.5,1767.8,1160.4
23-10-2024,786,1735.8,1251.6,1762.2,1167.35
24-10-2024,794.55,1749.65,1252.75,1768.85,1189.35
25-10-2024,780.95,1743.4,1255.45,1749.85,1171.6
28-10-2024,792.05,1734.2,1292.85,1760.2,1186.85
29-10-2024,832.7,1751.85,1331.85,1734.6,1170.4
30-10-2024,822.45,1734.6,1312.15,1731.1,1159.55
31-10-2024,820.2,1735.7,1292.25,1729.35,1139.25
04-11-2024,829.85,1714.1,1277.2,1757.15,1171.7
05-11-2024,849.2,1757.85,1296.7,1762.6,1166.5
06-11-2024,854.8,1755.25,1302.35,1746.9,1159.9
07-11-2024,859.6,1746.55,1278.7,1745.8,1160.95
08-11-2024,843.15,1754.45,1258.85,1744,1171
11-11-2024,847.65,1766.3,1269.3,1721.4,1158.15
12-11-2024,826.7,1718.2,1270.6,1687.85,1139.15
13-11-2024,808.65,1681.35,1253.7,1707.9,1140.7
14-11-2024,804.25,1692.75,1256.95,1722.75,1126.2
18-11-2024,814.3,1705.1,1253.45,1727.75,1133.95
19-11-2024,803,1742.25,1249.1,1737.1,1139.15
21-11-2024,780.75,1741.2,1250.55,1761.45,1142.4
22-11-2024,816.05,1745.6,1278.05,1790.75,1155.9
25-11-2024,844.45,1785.6,1300.95,1783.6,1144.8
26-11-2024,839.4,1785.55,1304.95,1783.2,1149.65
27-11-2024,834.1,1812.3,1300.7,1759.2,1132.5
28-11-2024,838.85,1793.15,1286.35,1765.25,1136.3
29-11-2024,838.95,1796.05,1300.1,1753.95,1137.1
02-12-2024,836.4,1804.7,1304.65,1749.9,1160.5
03-12-2024,853.95,1826.3,1308.4,1757.5,1159.45
04-12-2024,859.7,1860.1,1316.05,1775.15,1166.4
05-12-2024,865.45,1865.75,1336.5,1776.95,1184.55
06-12-2024,863.65,1855.85,1328.75,1786.25,1163.25
09-12-2024,858.05,1870,1322.3,1794.7,1153.65
10-12-2024,867.5,1868.1,1330.45,1794.7,1147.25
11-12-2024,861.6,1863.1,1327.5,1768.7,1145.65
12-12-2024,853.7,1859.25,1329.25,1805.65,1148.15
13-12-2024,861.55,1871.75,1344.9,1804.45,1150.9
16-12-2024,860.95,1865.2,1346.1,1784.05,1136.25
17-12-2024,850.55,1833.25,1333.75,1780,1122.25
18-12-2024,838.15,1810.7,1314.15,1762.1,1108.9
19-12-2024,832.8,1793.5,1286.9,1743.55,1071.85
20-12-2024,812,1771.5,1288.4,1745.35,1079.15
23-12-2024,821.15,1801,1296.8,1749.05,1078.9
24-12-2024,812.05,1798.1,1297.25,1752.8,1076.7
26-12-2024,812.45,1790.75,1297.35,1759.9,1077.45
27-12-2024,799.65,1798.25,1307.55,1740.7,1069.95
30-12-2024,788.3,1777.9,1294.65,1786.05,1064.7
31-12-2024,794.95,1772.85,1281.65,1788.4,1071.8
01-01-2025,793.2,1782.75,1283.65,1837.15,1086.6
02-01-2025,801.2,1793.75,1290.6,1838.65,1084.9
03-01-2025,793.4,1749.2,1265.05,1779.65,1063.4
06-01-2025,776.4,1710.5,1264.1,1772.05,1067.5
07-01-2025,778.75,1713.4,1279.25,1768.65,1074.95
08-01-2025,771.15,1694.3,1263.75,1790.2,1061.75
09-01-2025,760.45,1667.8,1262.4,1756.2,1040.7
10-01-2025,743.25,1656.75,1249.85,1738.4,1049.3
13-01-2025,729.5,1630.85,1229.75,1750.6,1051.65
14-01-2025,748.15,1646.6,1240.3,1789.6,1026.8
15-01-2025,753.7,1643.05,1238.25,1805.55,1038
16-01-2025,766.3,1652.05,1249.1,1758.6,991.05
17-01-2025,764.1,1636.75,1225.45,1920.5,988.05
20-01-2025,779.25,1651.25,1232.95,1893.3,970.2
21-01-2025,759.05,1642.4,1196.15,1917.5,959.3
22-01-2025,753.45,1666.05,1200.45,1894.85,951.05
23-01-2025,745.9,1664.9,1201.75,1886.2,948.5
24-01-2025,744.15,1649.8,1209.2,1881.4,948.1
27-01-2025,749.2,1629.8,1227.95,1887.75,983.8
28-01-2025,752.4,1670.4,1246.9,1920.35,983.4
29-01-2025,758.45,1677.3,1251.65,1901.5,984.7
30-01-2025,762.6,1691.5,1255.6,1901.3,986.1
31-01-2025,772.9,1698.75,1252.8,1884.5,989.4
03-02-2025,760.95,1678,1253,1928.5,1015.3
04-02-2025,779.2,1720.9,1268.2,1911.75,1013.3
05-02-2025,766.05,1737.8,1267.7,1915.95,1020.7
06-02-2025,752.25,1743.85,1272.4,1929.25,1024.1
07-02-2025,737.2,1732.75,1256.9,1960.15,1011.75
10-02-2025,736.8,1715.75,1262.6,1918.6,1007.4
11-02-2025,731.1,1701.4,1252.75,1943.95,1006.9
12-02-2025,733.15,1706.8,1251.8,1972.8,1008.2
13-02-2025,727.65,1697.7,1248.9,1952.4,997.5
14-02-2025,722.15,1694.85,1260.1,1945.3,992.95
17-02-2025,727.7,1717.35,1251.15,1963.35,994.15
18-02-2025,725.8,1723.05,1243.05,1985,1011.35
19-02-2025,727.3,1727.2,1261.65,1970.55,1017.2
20-02-2025,729.7,1687.1,1249.95,1953.05,1008.95
21-02-2025,722,1692.5,1232.95,1966.1,1010.05
24-02-2025,716.4,1677.1,1218.35,1967.25,1009.1
25-02-2025,710.9,1682.35,1224.15,1947.55,1016.7
27-02-2025,703.9,1700.7,1222.45,1902.95,1015.55
28-02-2025,688.8,1732.4,1204.1,1914.6,1007.25
03-03-2025,695.3,1701.55,1206.2,1907.8,1001.8
04-03-2025,716.05,1710,1210.4,1933.1,1014.45
05-03-2025,730.35,1690,1215.7,1921.7,1034.1
06-03-2025,732.05,1691.2,1218.05,1935.4,1037.65
07-03-2025,732.75,1689.25,1214.55,1921.75,1035.85
10-03-2025,728.9,1687.5,1214.85,1935.2,1025.65
11-03-2025,729.85,1685.5,1245.4,1982.55,1011.2
12-03-2025,723.05,1711.15,1243.95,1985.1,1010.2
13-03-2025,727.85,1706.6,1250.05,1995,1034
17-03-2025,723.3,1732.2,1248.65,2034,1045.25
18-03-2025,736.7,1744.1,1309.85,2021.55,1052.05
19-03-2025,745.1,1768.75,1313.1,2035.65,1054.35
20-03-2025,749.55,1770.35,1321.7,2079,1070.15
21-03-2025,753.2,1800,1343.1,2176.15,1097.85
24-03-2025,780.8,1821.45,1358.15,2170,1118.55
25-03-2025,772.85,1806.55,1343.7,2144.9,1096.25
26-03-2025,764,1825.35,1335.9,2128.65,1098.35
27-03-2025,772.3,1828.2,1336.65,2171.2,1102
28-03-2025,771.5,1767.85,1348.35,2145.9,1085.6
01-04-2025,771.7,1796.9,1318.45,2154.6,1084.45
02-04-2025,775.95,1794.85,1331.25,2132.6,1089.85
03-04-2025,779.2,1817.3,1329.55,2131.95,1091.3
04-04-2025,767.45,1757.7,1335.3,2037.85,1047.95
07-04-2025,746.9,1769.15,1287.55,2055.15,1077.85
08-04-2025,768.6,1765,1299.9,2052.7,1061.65
09-04-2025,742.2,1806.75,1300.8,2111.2,1068.95
11-04-2025,753.85,1864.9,1311.65,2120.2,1112.8
15-04-2025,763.5,1878,1350.2,2123.4,1161.3
16-04-2025,771.75,1906.7,1356.4,2188.1,1190.8
17-04-2025,797.45,1927.1,1406.7,2241.4,1223
21-04-2025,816.7,1961.7,1409.8,2268.8,1216.8
22-04-2025,822.4,1923.9,1416.5,2227,1206.9
23-04-2025,813.45,1916.8,1424.4,2223,1207.1
24-04-2025,813.4,1911.2,1402.7,2204.4,1166.3
25-04-2025,798.65,1920.2,1404.8,2225.6,1192.8
28-04-2025,817.35,1908.8,1428.8,2205,1187.3
29-04-2025,812.55,1925,1429.8,2208.1,1185
30-04-2025,788.65,1925,1427,2185.2,1182.2
02-05-2025,796.7,1936.8,1432.4,2084.9,1173.2
06-05-2025,774.1,1931.7,1431.6,2074,1161.4
07-05-2025,776.1,1945.6,1435.4,2094.9,1161.3
08-05-2025,769,1928.5,1435.5,2112.6,1172.2
09-05-2025,779.25,1889.7,1388.9,2103.1,1151.1
